date,b0,b1,b2,b3,t1,t2
2020-07-22,0.27668,-0.67741,-2.05442,-1.05451,3.35694,0.0971
2020-07-23,0.25258,-0.64561,-2.06778,-0.93563,3.34271,0.11935
2020-07-24,0.26545,-0.68503,-1.92398,-0.91544,3.49757,0.10921
2020-07-27,0.25315,-0.62002,-1.98207,-1.04919,3.35699,0.11923
2020-07-28,0.21619,-0.60557,-1.99045,-0.96081,3.33701,0.11227
2020-07-29,0.21628,-0.62533,-2.02293,-0.93302,3.35589,0.10516
2020-07-30,0.19121,-0.63253,-1.98049,-0.9365,3.40197,0.08782
2020-07-31,0.17584,-0.63181,-2.00879,-0.7662,3.37615,0.10388
2020-08-03,0.21167,-0.6558,-2.01951,-0.82741,3.3151,0.09399
2020-08-04,0.18451,-0.60211,-2.05507,-0.93177,3.25747,0.09756
2020-08-05,0.17844,-0.6002,-2.03466,-0.98946,3.31911,0.08943
2020-08-06,0.20762,-0.64937,-1.98659,-0.82941,3.40544,0.10043
2020-08-07,0.18555,-0.58631,-2.0604,-0.89629,3.29953,0.11255
2020-08-10,0.20312,-0.60705,-2.04698,-0.86965,3.26874,0.10627
2020-08-11,0.24336,-0.70988,-2.00535,-0.76812,3.42239,0.08034
2020-08-12,0.30405,-0.73514,-2.01355,-0.85478,3.32901,0.08672
2020-08-13,0.31153,-0.76598,-1.97271,-0.72668,3.48689,0.08723
2020-08-14,0.33133,-0.76839,-1.94458,-0.82117,3.30943,0.07696
2020-08-17,0.34656,-0.79925,-1.97273,-0.86663,3.36594,0.07055
2020-08-18,0.3071,-0.76435,-1.99722,-1.90319,3.40719,0.02907
2020-08-19,0.2973,-0.74997,-2.02094,-0.96184,3.47136,0.06452
2020-08-20,0.26856,-0.71496,-1.98639,-0.81676,3.40089,0.08312
2020-08-21,0.23859,-0.66153,-2.08108,-0.87902,3.32272,0.08807
2020-08-24,0.28924,-0.74298,-1.99773,-0.72376,3.51376,0.09477
2020-08-25,0.41136,-0.60344,-2.4921,-1.08307,3.69934,0.29186
2020-08-26,0.34389,-1.01275,1.54533,-3.65789,1.68861,2.65238
2020-08-27,0.28058,-0.94593,3.48327,-5.44877,1.86603,2.39425
2020-08-28,0.40315,-1.05811,4.81867,-6.91503,1.92463,2.33603
2020-08-31,0.40751,-1.07332,5.44439,-7.51018,1.94677,2.3223
2020-09-01,0.4011,-1.07082,6.41258,-8.43568,1.98323,2.30576
2020-09-02,0.31219,-0.9987,0.12807,-2.84099,0.94239,2.78779
2020-09-03,0.31156,-1.00479,0.03452,-2.87005,0.88453,2.83039
2020-09-04,0.26199,-0.95487,0.13945,-2.76546,0.97075,2.81535
2020-09-07,0.29537,-0.98558,0.01573,-2.80045,0.8772,2.83266
2020-09-08,0.28943,-0.9843,0.03845,-2.8127,0.85781,2.83969
2020-09-09,0.26087,-0.99792,0.00325,-2.84363,0.74532,2.8543
2020-09-10,0.27892,-1.04168,0.00501,-2.82931,0.68674,2.75629
2020-09-11,0.29201,-0.70026,-2.07624,-9.04077,3.2682,0.00928
2020-09-14,0.27736,-0.69557,-2.12817,-11.84837,3.26798,0.00619
2020-09-15,0.30408,-0.71094,-2.1204,-13.23188,3.27246,0.00663
2020-09-16,0.29604,-0.71352,-2.08668,-11.08049,3.36663,0.00786
2020-09-17,0.30072,-0.73269,-2.03568,-14.66004,3.37098,0.00588
2020-09-18,0.27927,-0.70032,-2.09178,-8.16191,3.29818,0.01018
2020-09-21,0.25746,-0.68679,-2.09076,-4.99672,3.32737,0.0132
2020-09-22,0.23288,-0.66409,-2.0965,-4.28015,3.28429,0.01597
2020-09-23,0.2712,-0.70023,-2.13264,-5.071,3.30814,0.01412
2020-09-24,0.2501,-0.66437,-2.17124,-6.00144,3.24496,0.01293
2020-09-25,0.25669,-0.70854,-2.05129,-6.04158,3.41577,0.01052
2020-09-28,0.25669,-0.70854,-2.05129,-6.04158,3.41577,0.01052
2020-09-29,0.20617,-0.64197,-2.05202,-2.50508,3.38359,0.02183
2020-09-30,0.19289,-0.62592,-2.03786,-2.21325,3.39902,0.03253
2020-10-01,0.22038,-0.58183,-2.10162,-0.62163,3.25194,0.2123
2020-10-02,0.2077,-0.59746,-2.11314,-0.55411,3.35699,0.21443
2020-10-05,0.2077,-0.59746,-2.11314,-0.55411,3.35699,0.21443
2020-10-06,0.20682,-0.52791,-2.15067,-0.72757,3.16362,0.23229
2020-10-07,0.20682,-0.52791,-2.15067,-0.72757,3.16362,0.23229
2020-10-08,0.20561,-0.83185,-2.85325,1.13304,2.76132,1.73253
2020-10-09,0.15302,-0.76024,-5.86968,4.019,2.49375,2.11628
2020-10-12,0.15302,-0.76024,-5.86968,4.019,2.49375,2.11628
2020-10-13,0.15302,-0.76024,-5.86968,4.019,2.49375,2.11628
2020-10-14,0.12037,-0.77448,-5.80308,4.00935,2.4742,2.06945
2020-10-15,0.07001,-0.73564,-7.40695,5.59163,2.47781,2.21287
2020-10-16,0.00018,-0.61345,-2.77318,1.26443,3.98196,5.83911
2020-10-19,0.00018,-0.61345,-2.77318,1.26443,3.98196,5.83911
2020-10-20,0.10968,-0.76073,-1.41247,-0.34402,3.75322,3.30763
2020-10-21,0.15903,-0.80801,-1.74753,-0.78415,3.62217,0.0001
2020-10-22,0.15903,-0.80801,-1.74753,-0.78415,3.62217,0.0001
2020-10-23,0.09141,-0.07524,-2.62162,-1.81848,2.57459,0.21979
2020-10-26,0.10335,-0.15048,-2.5441,-1.67871,2.72866,0.22247
2020-10-27,0.09839,-0.81191,-3.67915,2.01929,2.52135,1.71681
2020-10-28,0.00038,-0.66421,0.98545,-2.10867,6.5481,4.20181
2020-10-29,0.0083,-0.73991,-5.66554,3.97292,2.18782,1.76639
2020-10-30,0.0083,-0.73991,-5.66554,3.97292,2.18782,1.76639
2020-11-02,0.03545,-0.74715,-2.55045,0.89864,2.56624,1.34429
2020-11-03,0.00046,-0.71894,2.11291,-4.0169,1.62706,2.27654
2020-11-04,0.0001,-0.70144,0.13844,-2.31437,1.31803,3.03404
2020-11-05,0.0001,-0.6738,0.66857,-1.56369,8.83943,3.97061
2020-11-06,0.00152,-0.72074,7.95118,-9.72466,1.94807,2.1834
2020-11-09,0.00152,-0.72074,7.95118,-9.72466,1.94807,2.1834
2020-11-10,0.21023,-0.87589,2.63261,-4.65498,1.8521,2.391
2020-11-11,0.24216,-0.90502,0.05504,-2.57067,1.11162,2.88352
2020-11-12,0.20701,-0.85955,0.11008,-2.53598,1.17882,2.89222
2020-11-13,0.17095,-0.81632,0.00688,-2.48461,1.12846,2.98601
2020-11-16,0.14173,-0.79584,0.01349,-2.41877,1.20006,3.07864
2020-11-17,0.14173,-0.79584,0.01349,-2.41877,1.20006,3.07864
2020-11-18,0.14173,-0.79584,0.01349,-2.41877,1.20006,3.07864
2020-11-19,0.09245,-0.75786,0.02698,-2.36841,1.03934,3.01549
2020-11-20,0.09245,-0.75786,0.02698,-2.36841,1.03934,3.01549
2020-11-23,0.10221,-0.77133,0.03858,-2.41276,1.12415,2.99321
2020-11-24,0.10221,-0.77133,0.03858,-2.41276,1.12415,2.99321
2020-11-25,0.10221,-0.77133,0.03858,-2.41276,1.12415,2.99321
2020-11-26,0.10221,-0.77133,0.03858,-2.41276,1.12415,2.99321
2020-11-27,0.10221,-0.77133,0.03858,-2.41276,1.12415,2.99321
2020-11-30,0.10221,-0.77133,0.03858,-2.41276,1.12415,2.99321
2020-12-01,0.10032,-0.86734,0.12881,-2.51418,0.75008,2.72293
2020-12-02,0.15455,-0.97191,0.25762,-2.60968,0.78841,2.68333
2020-12-03,0.15524,-0.93305,-0.0255,-2.58215,0.70524,2.80908
2020-12-04,0.1358,-0.93061,-0.051,-2.57825,0.65316,2.7845
2020-12-07,0.11582,-0.88584,-0.0272,-2.57571,0.73071,2.83042
2020-12-08,0.1183,-0.87107,-0.04522,-2.53357,0.86071,2.97326
2020-12-09,0.1183,-0.87107,-0.04522,-2.53357,0.86071,2.97326
2020-12-10,0.07633,-0.84609,-0.00283,-2.49726,0.88151,2.93887
2020-12-11,0.04536,-0.81546,-0.00018,-2.41984,0.89324,3.00748
2020-12-14,0.01631,-0.84166,0.13468,-2.46734,0.73835,2.73787
2020-12-15,0.01631,-0.84166,0.13468,-2.46734,0.73835,2.73787
2020-12-16,0.03262,-0.85039,0.26936,-2.39202,0.86691,2.70558
2020-12-17,0.08739,-0.89149,0.05594,-2.37947,0.84801,2.97425
2020-12-18,0.12156,-0.91623,0.0035,-2.47116,0.74543,2.90758
2020-12-21,0.04165,-0.82668,0.00447,-2.39711,0.74693,2.96572
2020-12-22,0.0639,-0.91756,0.00601,-2.44841,0.67807,2.86415
2020-12-23,0.1076,-0.93591,-1.47186,0.48318,3.94047,0.67098
2020-12-28,0.17153,-1.07077,-1.40103,0.72983,3.82298,0.62038
2020-12-29,0.12801,-1.06351,-1.41302,0.748,3.79057,0.69615
2020-12-30,0.15429,-1.02398,-1.44649,0.61031,3.76681,0.6737
2021-01-04,0.12597,-0.98521,-1.48656,0.62159,3.98578,0.70608
2021-01-05,0.10738,-0.93252,-1.69839,0.7082,3.51745,0.79797
2021-01-06,0.16979,-1.04268,-1.46321,0.76415,3.69425,0.57008
2021-01-07,0.16238,-1.00572,-1.56193,0.70224,3.61392,0.60268
2021-01-08,0.15836,-0.91742,-1.69583,0.53128,3.46135,0.68197
2021-01-11,0.10837,-0.75624,-17.0664,15.33407,2.18684,2.05993
2021-01-12,0.00057,-0.59245,3.54103,-4.13152,7.06931,5.2165
2021-01-13,0.00076,-0.58485,2.95499,-3.69308,6.76477,4.89814
2021-01-14,0.15589,-0.75883,-2.82363,1.08359,2.99112,2.11101
2021-01-15,0.19311,-0.75939,-1.85117,-0.03297,3.59872,0.0001
2021-01-18,0.00099,-0.56857,-1.71261,0.61754,3.53535,30.0
2021-01-19,0.21783,-0.78236,-1.7266,-0.10489,3.57916,3.99408
2021-01-20,0.1411,-0.73914,-2.70415,0.99659,2.82386,1.7202
2021-01-21,0.1411,-0.73914,-2.70415,0.99659,2.82386,1.7202
2021-01-22,0.20478,-0.80418,-2.63775,0.842,2.88714,1.71886
2021-01-25,0.18112,-0.77731,-2.10724,0.32356,3.20683,1.76282
2021-01-26,0.18358,-0.78244,-2.17844,0.37155,3.24318,1.48393
2021-01-27,0.23291,-0.8125,-1.89215,-0.13671,3.64364,0.07136
2021-01-28,0.1894,-0.71046,-2.03075,-0.27342,3.35765,0.14272
2021-01-29,0.27242,-0.78576,-2.08509,-0.37305,3.3984,0.04496
2021-02-01,0.174,-0.8641,-17.22887,15.4163,2.02499,1.87965
2021-02-02,0.00018,-0.59511,-4.93222,4.12634,5.25741,6.90813
2021-02-03,0.00025,-0.5989,-5.51072,4.86063,5.5333,7.26747
2021-02-04,0.00025,-0.5989,-5.51072,4.86063,5.5333,7.26747
2021-02-05,0.00029,-0.60231,-6.73912,6.18236,5.65861,6.99701
2021-02-08,0.00014,-0.59444,-2.46466,1.86869,4.42114,9.42237
2021-02-09,0.0001,-0.60493,-7.01868,6.44439,5.55626,6.821
2021-02-10,0.00087,-0.57366,-3.01389,2.22276,4.40567,7.82513
2021-02-11,0.36563,-0.99235,-2.25037,0.33921,3.17893,0.98747
2021-02-12,0.36563,-0.99235,-2.25037,0.33921,3.17893,0.98747
2021-02-15,0.47881,-1.11191,-2.37085,0.46069,3.01667,1.11979
2021-02-16,0.47881,-1.11191,-2.37085,0.46069,3.01667,1.11979
2021-02-17,0.48829,-1.11525,-2.40028,0.48692,2.93642,1.12788
2021-02-18,0.48829,-1.11525,-2.40028,0.48692,2.93642,1.12788
2021-02-19,0.52061,-1.13622,-2.4067,0.45719,2.90413,1.15274
2021-02-22,0.58376,-1.14208,-2.12128,0.08545,3.31001,0.01542
2021-02-23,0.57271,-1.18742,-2.11439,0.19566,3.15631,0.6098
2021-02-24,0.57271,-1.18742,-2.11439,0.19566,3.15631,0.6098
2021-02-25,0.57901,-1.20476,-2.17685,0.30467,2.93145,0.78526
2021-02-26,0.49398,-1.11593,-2.09703,0.37565,2.73607,0.90788
2021-03-01,0.45729,-1.07682,-2.24658,0.43235,2.69768,0.98627
2021-03-02,0.47038,-1.08555,-2.41312,0.49929,2.71337,1.13079
2021-03-03,0.4978,-1.12285,-2.71951,0.71992,2.56057,1.12808
2021-03-04,0.52654,-1.15745,-2.92357,0.92778,2.53025,1.27302
2021-03-05,0.52654,-1.15745,-2.92357,0.92778,2.53025,1.27302
2021-03-08,0.52654,-1.15745,-2.92357,0.92778,2.53025,1.27302
2021-03-09,0.48426,-1.10868,-2.46669,0.56774,2.58844,0.97859
2021-03-10,0.27171,-0.82262,-7.18774,6.24467,4.64849,5.70788
2021-03-11,0.53409,-1.16123,-2.18023,0.34049,3.04842,0.72113
2021-03-12,0.53635,-1.14807,-2.81668,0.74525,2.62609,1.21142
2021-03-15,0.53635,-1.14807,-2.81668,0.74525,2.62609,1.21142
2021-03-16,0.52407,-1.13969,-4.66984,2.44307,2.32758,1.61522
2021-03-17,0.54197,-1.16435,-9.30619,6.97873,2.0635,1.76709
2021-03-18,0.61391,-1.24706,-26.00283,23.57173,1.93603,1.83239
2021-03-19,0.59029,-1.22123,-30.0,27.51714,1.95932,1.87408
2021-03-22,0.60684,-1.23818,-8.74681,6.28159,2.13519,1.79197
2021-03-23,0.58044,-1.21844,-9.31439,6.88291,2.12734,1.80818
2021-03-24,0.58038,-0.80812,-2.88953,-1.01566,2.85404,0.16991
2021-03-25,0.58038,-0.80812,-2.88953,-1.01566,2.85404,0.16991
2021-03-26,0.58038,-0.80812,-2.88953,-1.01566,2.85404,0.16991
2021-03-29,0.61167,-0.83541,-2.92317,-1.04166,2.81159,0.17331
2021-03-30,0.66498,-0.87569,-2.90588,-1.07289,2.6868,0.16402
2021-03-31,0.66498,-0.87569,-2.90588,-1.07289,2.6868,0.16402
2021-04-01,0.6079,-0.67896,-3.04064,-1.28688,2.64569,0.22862
2021-04-06,0.6079,-0.67896,-3.04064,-1.28688,2.64569,0.22862
2021-04-07,0.57873,-0.67037,-3.01281,-1.30404,2.68925,0.21288
2021-04-08,0.57873,-0.67037,-3.01281,-1.30404,2.68925,0.21288
2021-04-09,0.61585,-0.67981,-3.07032,-1.41755,2.68043,0.21976
2021-04-12,0.58957,-0.76965,-2.87686,-1.10347,2.73976,0.21481
2021-04-13,0.62648,-0.78328,-2.92265,-1.16151,2.65998,0.21003
2021-04-14,0.62648,-0.78328,-2.92265,-1.16151,2.65998,0.21003
2021-04-15,0.64046,-0.84088,-2.8257,-1.07773,2.72383,0.20092
2021-04-16,0.64046,-0.84088,-2.8257,-1.07773,2.72383,0.20092
2021-04-19,0.64046,-0.84088,-2.8257,-1.07773,2.72383,0.20092
2021-04-20,0.65689,-0.87446,-2.7565,-1.04244,2.63908,0.18834
2021-04-21,0.64471,-0.87882,-2.77324,-0.99436,2.66709,0.18966
2021-04-22,0.61362,-0.84841,-2.74234,-0.99871,2.70006,0.1947
2021-04-23,0.61362,-0.84841,-2.74234,-0.99871,2.70006,0.1947
2021-04-26,0.63142,-0.86038,-2.76562,-1.0144,2.66284,0.18982
2021-04-27,0.63142,-0.86038,-2.76562,-1.0144,2.66284,0.18982
2021-04-28,0.66291,-0.96295,-2.62827,-0.82617,2.66814,0.18337
2021-04-29,0.66291,-0.96295,-2.62827,-0.82617,2.66814,0.18337
2021-04-30,0.70588,-0.99416,-2.74526,-0.83918,2.64027,0.17158
2021-05-03,0.73844,-1.00516,-2.78978,-0.8871,2.57531,0.16854
2021-05-04,0.71153,-1.01039,-2.77087,-0.7735,2.64297,0.16714
2021-05-05,0.69227,-0.98455,-2.79647,-0.79732,2.65025,0.16679
2021-05-06,0.69227,-0.98455,-2.79647,-0.79732,2.65025,0.16679
2021-05-07,0.69227,-0.98455,-2.79647,-0.79732,2.65025,0.16679
2021-05-10,0.72335,-1.03052,-2.77743,-0.78521,2.65772,0.15297
2021-05-11,0.74906,-0.85191,-3.13565,-1.32544,2.44674,0.16586
2021-05-12,0.7612,-1.04833,-2.80605,-0.86234,2.60866,0.16189
2021-05-13,0.80151,-1.15356,-2.67415,-0.67411,2.54645,0.13833
2021-05-14,0.77006,-1.09929,-2.66143,-0.76431,2.58343,0.14716
2021-05-17,0.77006,-1.09929,-2.66143,-0.76431,2.58343,0.14716
2021-05-18,0.78037,-0.98179,-2.85878,-1.08643,2.46431,0.17609
2021-05-19,0.81407,-1.03904,-2.85463,-1.01895,2.45002,0.16037
2021-05-20,0.78901,-1.11735,-2.63288,-0.76568,2.53839,0.15321
2021-05-21,0.74611,-0.99804,-2.74409,-0.98071,2.47129,0.15872
2021-05-25,0.74719,-0.99532,-2.80207,-1.01791,2.55195,0.14981
2021-05-26,0.7311,-0.99264,-2.80384,-0.99589,2.64151,0.15175
2021-05-27,0.70181,-0.94327,-2.79425,-1.03877,2.62066,0.15715
2021-05-28,0.74529,-0.97762,-2.84384,-1.06371,2.57915,0.15478
2021-05-31,0.73187,-1.4024,-2.93815,0.83686,2.42195,1.0332
2021-06-01,0.69167,-1.36818,-3.47267,1.34358,2.27905,1.23635
2021-06-02,0.69167,-1.36818,-3.47267,1.34358,2.27905,1.23635
2021-06-03,0.69167,-1.36818,-3.47267,1.34358,2.27905,1.23635
2021-06-04,0.70978,-1.36012,-3.02002,0.84005,2.41707,1.08536
2021-06-07,0.68922,-1.35688,-4.86948,2.57846,2.11752,1.45031
2021-06-08,0.65569,-1.32379,-9.15675,6.81932,1.92853,1.6355
2021-06-09,0.62416,-1.31647,-18.32132,15.97727,1.83607,1.6895
2021-06-10,0.62239,-1.31807,-18.06399,15.72739,1.86845,1.72253
2021-06-11,0.61975,-0.62997,-3.12128,-1.66736,2.55208,0.19203
2021-06-14,0.62613,-0.69391,-3.02251,-1.52942,2.56927,0.18445
2021-06-15,0.63042,-0.65539,-3.07401,-1.6132,2.52856,0.187
2021-06-16,0.64748,-0.65731,-3.1038,-1.66884,2.46261,0.18077
2021-06-17,0.64064,-0.71519,-2.92672,-1.47535,2.4648,0.18975
2021-06-18,0.57082,-0.65814,-2.8373,-1.46329,2.46227,0.18421
2021-06-21,0.54608,-0.67898,-2.6939,-1.33827,2.48546,0.18716
2021-06-22,0.62821,-0.78974,-2.68049,-1.27056,2.53916,0.19307
2021-06-23,0.63122,-0.82496,-2.66667,-1.2251,2.56386,0.18136
2021-06-24,0.62882,-0.81172,-2.67418,-1.22994,2.55673,0.19024
2021-06-25,0.63455,-0.87088,-2.60176,-1.10865,2.64261,0.1864
2021-06-28,0.66454,-0.90401,-2.62283,-1.09042,2.63651,0.18639
2021-06-29,0.62005,-1.30137,-8.15987,5.99526,2.05267,1.74606
2021-06-30,0.61274,-1.29686,-8.09472,5.92403,2.04837,1.73633
2021-07-01,0.62342,-1.2947,-7.02965,4.85605,2.15738,1.8034
2021-07-02,0.59747,-1.27257,-6.07504,3.89864,2.1772,1.7266
2021-07-05,0.61015,-1.29426,-8.00001,5.79475,2.13156,1.8021
2021-07-06,0.59332,-1.27873,-9.27301,7.09832,2.11735,1.85011
2021-07-07,0.51154,-1.19757,-24.49677,22.34304,2.07129,1.97805
2021-07-08,0.45325,-1.13177,-19.96837,17.83623,2.1589,2.04197
2021-07-09,0.48637,-1.15521,-22.29681,20.11366,2.12287,2.0182
2021-07-12,0.49572,-1.17077,-23.9278,21.74236,2.07824,1.97599
2021-07-13,0.51762,-1.19774,-22.00948,19.81108,2.04448,1.92933
2021-07-14,0.5191,-1.19812,-28.17921,25.97539,2.03333,1.94586
2021-07-15,0.45731,-1.14022,-4.49955,2.49641,2.36641,1.67176
2021-07-16,0.44505,-1.12354,-5.53323,3.4878,2.24612,1.7269
2021-07-19,0.40249,-1.0726,-9.94933,7.88476,2.20587,1.95661
2021-07-20,0.34032,-1.01136,-20.33796,18.24525,2.09032,1.97464
2021-07-21,0.35774,-1.02645,-15.39835,13.27038,2.12121,1.97275
2021-07-22,0.36707,-1.05075,-16.84788,14.71159,2.04646,1.90431
2021-07-23,0.3665,-1.05205,-12.67946,10.53927,2.1281,1.93532
2021-07-26,0.33833,-1.02472,-24.98609,22.81537,2.09927,2.00769
2021-07-27,0.32539,-1.0141,-29.71786,27.52832,2.03339,1.95584
2021-07-28,0.33592,-1.02272,-29.98628,27.76027,2.05794,1.9819
2021-07-29,0.34283,-1.03074,-28.33506,26.07296,2.0822,2.0023
2021-07-30,0.3416,-1.01901,-28.22787,25.95844,2.08352,2.0049
2021-08-02,0.33449,-1.00162,-22.14114,19.86323,2.1019,2.00222
2021-08-03,0.30541,-0.96359,-19.61424,17.34751,2.15211,2.04347
2021-08-04,0.27792,-0.9119,-20.45785,18.16964,2.19011,2.09371
2021-08-05,0.22983,-0.87428,-20.85711,18.63875,2.13508,2.04179
2021-08-06,0.22708,-0.87066,-21.87559,19.69653,2.14087,2.05269
2021-08-09,0.00047,-0.60718,-3.88762,2.8763,4.23115,6.64897
2021-08-10,0.00034,-0.60436,-3.51114,2.52558,4.18858,6.92444
2021-08-11,0.00019,-0.6084,-4.3763,3.5258,4.45098,6.58134
2021-08-12,0.00012,-0.61936,-4.65439,3.7745,4.5869,6.48006
2021-08-13,0.00012,-0.61716,-6.58879,5.74023,4.85339,6.09859
2021-08-16,0.0001,-0.6169,-6.85605,6.00204,4.90207,6.09673
2021-08-17,0.00017,-0.61964,-8.01919,7.09158,5.03209,6.00198
2021-08-18,0.00011,-0.62645,-11.36645,10.53355,5.24603,5.95606
2021-08-19,0.20227,-0.90038,4.55103,-6.62844,1.87649,2.25569
2021-08-20,0.22033,-0.90243,4.78885,-6.91301,1.92925,2.27575
2021-08-23,0.26584,-0.94828,9.13962,-11.253,2.03214,2.23395
2021-08-24,0.23738,-0.92687,-8.02474,6.02396,2.2052,1.90409
2021-08-25,0.27446,-0.95699,-5.55227,3.56028,2.32283,1.86359
2021-08-26,0.34392,-1.02204,-12.12845,10.01634,2.12842,1.94503
2021-08-27,0.34191,-1.02021,-18.46793,16.34317,2.14172,2.02681
2021-08-30,0.33418,-1.00464,-21.08348,18.95189,2.16239,2.06328
2021-08-31,0.33856,-1.01653,-22.06784,19.95343,2.19408,2.09688
2021-09-01,0.38819,-1.08546,-24.97581,22.84274,1.99697,1.9061
2021-09-02,0.00012,-0.61582,-4.83448,4.34406,4.65283,6.94406
2021-09-03,0.00013,-0.64102,-9.86751,9.53902,5.48755,6.57907
2021-09-06,0.44767,-1.12752,-3.12395,1.12649,2.55465,1.46444
2021-09-07,0.48382,-1.16076,-5.44724,3.33727,2.31992,1.82258
2021-09-08,0.4457,-1.13616,-14.74125,12.63395,2.08427,1.92794
2021-09-09,0.45049,-1.14783,-12.74702,10.66349,2.12987,1.95187
2021-09-10,0.43881,-1.13999,-22.01854,19.90954,2.11621,2.01738
2021-09-13,0.45857,-1.15394,-18.8379,16.70464,2.12971,2.0165
2021-09-14,0.47666,-1.17896,-15.93847,13.80979,2.11283,1.9775
2021-09-15,0.45489,-1.15161,-29.99991,27.86219,2.12908,2.05887
2021-09-16,0.49375,-1.19373,-30.0,27.84842,2.11603,2.04909
2021-09-17,0.48919,-1.1831,-26.28082,24.12701,2.04152,1.96821
2021-09-20,0.47348,-1.16388,-30.0,27.82066,2.0931,2.03082
2021-09-21,0.47239,-1.16992,-19.373,17.18867,2.01869,1.91287
2021-09-22,0.46276,-1.158,-19.0001,16.85776,2.06952,1.96318
2021-09-23,0.45756,-1.14742,-27.48874,25.38927,2.07964,2.01215
2021-09-24,0.53009,-1.24521,-2.08497,0.38151,2.69169,0.78085
2021-09-27,0.56463,-1.07464,-2.19725,-3.5092,2.64713,0.01427
2021-09-28,0.54746,-1.0716,-2.12449,-2.05297,2.5819,0.02142
2021-09-29,0.52903,-1.04533,-2.16073,-1.88409,2.57876,0.02439
2021-09-30,0.52527,-1.03516,-2.17213,-2.86228,2.56662,0.01704
2021-10-01,0.52673,-1.00856,-2.25224,-4.4146,2.55292,0.01364
2021-10-04,0.55753,-1.03001,-2.32478,-1.30826,2.51724,0.04916
2021-10-05,0.53589,-1.28531,-2.19567,0.48023,2.50898,0.67772
2021-10-06,0.58566,-1.31869,-2.22577,0.46152,2.40638,0.72353
2021-10-07,0.58755,-1.35327,-2.15364,0.4703,2.50487,0.60988
2021-10-08,0.6046,-1.36498,-2.17424,0.46562,2.42627,0.65139
2021-10-11,0.61405,-1.0833,-2.31095,-0.64715,2.39187,0.11792
2021-10-12,0.63642,-1.15026,-2.24192,-0.56449,2.4639,0.10543
2021-10-13,0.58299,-1.13182,-2.06468,-0.60465,2.41753,0.07415
2021-10-14,0.51884,-1.08407,-1.92667,-2.5026,2.42544,0.0173
2021-10-15,0.5027,-1.0884,-1.91092,-1.85522,2.49605,0.01823
2021-10-18,0.44488,-1.22796,-1.52065,0.34246,2.4087,0.50714
2021-10-19,0.4354,-1.22292,-1.50617,0.35739,2.44418,0.45686
2021-10-20,0.46731,-1.215,-1.63743,0.28359,2.32531,0.62857
2021-10-21,0.47104,-1.22962,-1.55346,0.2521,2.40685,0.44528
2021-10-22,0.42138,-1.21477,-1.43494,0.338,2.11716,0.40627
2021-10-25,0.42751,-1.2308,-1.37391,0.34071,2.27785,0.32756
2021-10-26,0.39588,-1.28556,-1.25337,0.58826,2.41643,0.30009
2021-10-27,0.34817,-1.27612,-1.06305,0.66196,2.53093,0.29354
2021-10-28,0.2421,-1.05179,-1.16562,0.40418,2.21306,0.44
2021-10-29,0.27248,-1.08385,-1.23134,0.43421,1.92279,0.44522
2021-11-01,0.25836,-1.09515,-1.15147,0.47679,1.92094,0.44576
2021-11-02,0.28001,-1.1305,-1.36483,0.5092,2.02051,0.46167
2021-11-03,0.2606,-1.18236,-1.26143,0.61221,2.22744,0.416
2021-11-04,0.3104,-1.19799,-1.33696,0.42657,2.31779,0.58764
2021-11-05,0.28073,-1.14991,-1.49725,0.40265,2.36451,0.69989
2021-11-08,0.25259,-1.18557,-1.3289,0.50556,2.4783,0.48924
2021-11-09,0.24926,-1.26475,-1.12663,0.64852,2.59389,0.43582
2021-11-10,0.18414,-1.19398,-1.09855,0.58127,2.51541,0.4164
2021-11-11,0.2124,-1.31141,-0.78579,0.74959,2.69453,0.31972
2021-11-12,0.20684,-1.39264,-0.6291,0.93915,2.77542,0.31094
2021-11-15,0.19265,-1.39294,-0.76034,0.98755,2.74884,0.3328
2021-11-16,0.24699,-1.49,-0.64902,1.10366,2.85727,0.36001
2021-11-17,0.26014,-1.55497,-0.64025,1.15873,2.91383,0.35524
2021-11-18,0.23154,-1.52076,-0.48449,1.19,3.1129,0.33297
2021-11-19,0.14409,-1.50185,-0.35962,1.37962,3.30654,0.30933
2021-11-22,0.16415,-1.59214,-0.24544,1.65666,3.60508,0.31491
2021-11-23,0.2028,-1.63556,-0.34806,1.68124,3.04932,0.31873
2021-11-24,0.25894,-1.69267,-0.44356,1.50051,3.01106,0.32532
2021-11-25,0.25306,-1.53465,-0.68776,1.08924,2.78911,0.3449
2021-11-26,0.18835,-1.40579,-0.79543,1.00194,2.89612,0.3599
2021-11-29,0.19809,-1.40399,-0.82944,1.02943,2.90942,0.37075
2021-11-30,0.11358,-1.23206,-1.10152,0.89864,2.50931,0.41027
2021-12-01,0.07577,-1.22765,-0.83201,0.98221,2.45279,0.39213
2021-12-02,0.07612,-1.2286,-0.70348,0.97305,2.89247,0.4153
2021-12-03,0.05694,-1.14255,-0.87794,0.81137,2.66351,0.45202
2021-12-06,0.04559,-1.12207,-0.8163,0.81331,2.73145,0.41098
2021-12-07,0.03215,-1.03589,-0.99523,0.69432,2.46024,0.53247
2021-12-08,0.00416,-1.08505,-0.9956,0.90988,2.38653,0.52516
2021-12-09,0.09237,-1.10608,-0.94733,0.6949,2.65285,0.5714
2021-12-10,0.10823,-1.15162,-0.84512,0.74036,2.8179,0.48715
2021-12-13,0.09982,-1.08562,-0.83818,0.66072,3.04486,0.45215
2021-12-14,0.07149,-1.0783,-0.78019,0.83634,3.03291,0.37938
2021-12-15,0.0864,-1.08887,-0.84374,0.8716,3.02138,0.40134
2021-12-16,0.13437,-1.05818,-1.04224,0.63058,2.87023,0.48247
2021-12-17,0.13746,-1.03965,-1.07787,0.53182,2.83862,0.50097
2021-12-20,0.11721,-1.04564,-1.11865,0.5437,2.85011,0.45772
2021-12-21,0.19603,-1.14026,-1.07473,0.5389,2.99985,0.43352
2021-12-22,0.25302,-1.199,-1.05928,0.50266,2.84267,0.46784
2021-12-23,0.25826,-1.12536,-1.11247,0.32641,2.78609,0.50945
2021-12-27,0.28403,-1.07615,-1.18946,0.1839,2.65182,0.66104
2021-12-28,0.28025,-1.0627,-1.05587,0.09692,2.83769,0.74839
2021-12-29,0.30603,-1.14029,-1.03252,0.19142,2.87002,0.58522
2021-12-30,0.32994,-1.1084,-1.01065,0.05147,2.93927,0.64206
2022-01-03,0.33657,-1.09787,-1.21328,0.21357,2.70271,1.42875
2022-01-04,0.42036,-1.11947,-0.83107,-0.74603,2.01986,3.40596
2022-01-05,0.41185,-1.11009,-1.05359,-0.36414,2.26168,4.05134
2022-01-06,0.84108,-1.51124,-1.56507,-1.14188,2.39492,14.32634
2022-01-07,2.25871,-2.91418,-2.38564,-5.07634,2.88984,18.3271
2022-01-10,2.28581,-2.93413,-2.37864,-5.09695,2.84764,18.09609
2022-01-11,0.42625,-1.44081,-0.08801,0.92738,4.09068,0.23138
2022-01-12,0.45636,-1.46135,-0.00198,0.97883,4.4645,0.2156
2022-01-13,2.18634,-2.8354,-2.30316,-5.02535,2.64146,16.83073
2022-01-14,2.06665,-2.72312,-2.22987,-4.82017,2.60163,16.59373
2022-01-17,2.26253,-2.93089,-2.24778,-5.20688,2.69513,17.0408
2022-01-18,2.27637,-2.96744,-2.15608,-5.2307,2.68086,16.81022
2022-01-19,2.30328,-2.99768,-2.17156,-5.21988,2.68253,16.84185
2022-01-20,2.20554,-2.90106,-2.20478,-5.0504,2.59504,16.42277
2022-01-21,1.16369,-1.84017,-1.75977,-2.42693,2.05184,13.1878
2022-01-24,1.03776,-1.69825,-1.85997,-2.17009,1.95205,12.9814
2022-01-25,1.69375,-2.36444,-2.23989,-3.79507,2.28441,15.24537
2022-01-26,0.82593,-1.47464,-1.78865,-1.4444,1.87674,11.47119
2022-01-27,0.84064,-1.4865,-1.72578,-1.4161,1.87876,11.96821
2022-01-28,0.61943,-1.2673,-1.55439,-0.94565,1.68185,10.10924
2022-01-31,0.39638,-1.01974,-1.20936,-0.80565,1.13037,3.51587
2022-02-01,0.40279,-0.98583,-1.32203,-1.1458,0.79651,2.94408
2022-02-02,0.41573,-1.03567,-1.23286,-1.01858,0.85065,2.95368
2022-02-03,0.40022,-0.99064,-1.35241,-0.98951,0.7645,2.76887
2022-02-04,0.50985,-1.12835,-1.35198,-0.77161,0.78969,6.82191
2022-02-07,0.51353,-1.14107,-1.36732,-0.58937,0.69143,5.48545
2022-02-08,0.54343,-1.14388,-1.55084,-0.62103,0.77146,5.71731
2022-02-09,0.62664,-1.23188,-1.6558,-0.79753,0.80452,6.47086
2022-02-10,0.63892,-1.29073,-1.54046,-0.71318,0.86406,6.87547
2022-02-11,0.66444,-1.31756,-1.57205,-0.64811,0.93839,9.26385
2022-02-14,0.49082,-1.03223,-1.83806,-0.58886,0.66327,3.3835
2022-02-15,0.58984,-1.16346,-1.77128,-0.69681,0.66229,2.86939
2022-02-16,0.66488,-1.2054,-1.89607,-0.96863,0.60289,2.55347
2022-02-17,0.65125,-1.24983,-1.74971,-0.90813,0.68616,2.93368
2022-02-18,0.60294,-1.17171,-1.83642,-0.98097,0.6653,2.60555
2022-02-21,0.60393,-1.2061,-1.70966,-0.90421,0.72756,2.82158
2022-02-22,0.58207,-1.18156,-1.75422,-0.8441,0.73743,3.06543
2022-02-23,0.59426,-1.24351,-1.5304,-0.7439,0.74422,3.13523
2022-02-24,0.51017,-1.15203,-1.46558,-0.89089,0.7359,2.85853
2022-02-25,0.57675,-1.23387,-1.41212,-0.89966,0.81722,3.26455
2022-02-28,0.57495,-1.26876,-1.3554,-0.70385,0.91373,3.2574
2022-03-01,0.41596,-1.10809,1.70137,-2.52464,2.8818,2.11592
2022-03-02,0.41635,-1.04788,-1.31829,-0.92085,1.21716,2.47942
2022-03-03,0.43068,-1.11523,-0.73715,-0.57666,1.75341,1.74789
2022-03-04,0.36515,-1.03324,-1.369,-0.561,1.23738,2.3562
2022-03-07,0.21495,-1.0431,0.32062,-2.96484,0.30719,1.05272
2022-03-08,0.29634,-1.12006,-1.57731,0.5675,1.13896,0.23051
2022-03-09,0.47001,-1.96163,-0.06583,2.06622,1.96604,0.19618
2022-03-10,0.48202,-1.71686,1e-05,1.38063,2.30077,0.17516
2022-03-11,0.51499,-1.71813,1e-05,1.26551,1.89347,0.15884
2022-03-14,0.57909,-1.20357,-1.4075,-0.76132,0.6393,1.52248
2022-03-15,0.62499,-1.25526,-1.23468,-1.2289,0.59908,1.48652
2022-03-16,0.67121,-1.26671,-1.38379,-1.13465,0.64175,1.55261
2022-03-17,0.60372,-1.20644,-1.34408,-1.02133,0.58189,1.40543
2022-03-18,0.65116,-1.23777,-1.47133,-1.03546,0.64097,1.49605
2022-03-21,0.69919,-1.27793,-1.56354,-1.10615,0.59857,1.59209
2022-03-22,0.75071,-1.29526,-1.71412,-0.87529,0.59096,1.44721
2022-03-23,0.73748,-1.2787,-1.91894,-0.73659,0.58897,1.74203
2022-03-24,0.75104,-1.28023,-2.02464,-0.58534,0.56177,1.65489
2022-03-25,0.72116,-1.23244,-2.05918,-0.52994,0.5466,1.64206
2022-03-28,0.5735,-1.06608,-2.10207,0.57929,0.53156,8.36193
2022-03-29,0.70674,-1.13098,-2.39885,0.26375,0.50553,9.94157
2022-03-30,0.76125,-1.24859,2.59356,-4.18085,0.7944,0.61754
2022-03-31,0.7476,-0.93205,-0.14152,-2.30564,0.80216,0.39091
2022-04-01,0.7573,-1.04354,-0.08972,-1.83533,1.12245,0.3771
2022-04-04,0.66076,-1.21099,-0.02566,-1.31965,1.01104,0.42314
2022-04-05,0.69145,-4.2105,-0.07363,6.15517,0.62851,0.1574
2022-04-06,0.80151,-4.45713,-0.00195,6.49246,0.62902,0.15167
2022-04-07,0.85612,-1.32544,-2.27321,-0.46363,0.49,1.82016
2022-04-08,0.8633,-1.32952,-2.38931,-0.16326,0.48304,2.05564
2022-04-11,0.91416,-1.26808,-2.61965,-2.55414,0.45594,0.00023
2022-04-12,1.00934,-5.12659,-0.80182,7.58831,0.49826,0.14438
2022-04-13,0.99928,-3.64283,0.02409,4.40387,0.72502,0.13694
2022-04-14,0.98603,-1.03972,-0.00685,-2.36759,1.4068,0.3154
2022-04-19,1.17636,-1.52048,-0.00092,-1.6873,1.44944,0.37016
2022-04-20,1.1522,-1.69931,-2.20707,-0.78925,0.49616,1.50966
2022-04-21,1.12615,-1.55787,-2.52282,-0.48132,0.43411,1.38235
2022-04-22,1.11288,-1.44758,-2.82146,-0.16628,0.40563,1.88496
2022-04-25,1.10515,-1.4399,-2.77858,-0.38053,0.38805,2.07859
2022-04-26,1.04455,-1.61843,-2.10496,-0.18263,0.5005,3.81779
2022-04-27,1.52713,-2.41578,-0.21294,-1.74552,1.28891,10.60413
2022-04-28,1.4628,-2.32001,-0.0184,-1.44706,1.40666,10.00716
2022-04-29,1.6513,-2.55804,0.0044,-1.94393,1.24819,10.21461
2022-05-02,1.40802,-2.27629,0.00422,-1.04785,1.2142,9.12726
2022-05-03,1.25784,-1.88759,-1.98592,-0.95854,0.38888,1.66544
2022-05-04,1.20288,-1.89118,-1.80652,-0.5583,0.42993,1.698
2022-05-05,1.23213,-1.97963,-1.58812,-0.82575,0.43187,1.491
2022-05-06,1.28999,-1.98252,-1.76214,-0.75573,0.41032,1.36197
2022-05-09,1.38449,-2.18425,-1.04947,-1.334,0.45807,1.09125
2022-05-10,0.48885,-1.39197,-0.03755,2.58226,0.74836,10.49607
2022-05-11,0.00286,-0.84821,0.80424,3.82265,1.20847,11.24054
2022-05-12,0.00118,-0.8059,0.62794,3.5828,1.09388,11.33143
2022-05-13,0.00035,-0.81601,0.41032,3.67357,0.88382,11.43407
2022-05-16,0.0001,-0.83096,0.67205,3.96715,0.98199,11.35344
2022-05-17,0.00021,-0.8489,0.82145,3.91519,0.99741,11.36244
2022-05-18,0.00011,-0.88366,1.42237,3.85314,1.13811,11.24949
2022-05-19,0.00529,-0.87782,1.17379,3.58284,1.01222,10.82403
2022-05-20,0.0001,-0.85544,1.29457,3.79689,1.08093,11.82725
2022-05-23,0.00012,-0.86646,1.38077,3.70509,1.14818,12.13813
2022-05-24,0.00017,-0.8689,1.33578,3.90264,1.09899,12.58721
2022-05-25,0.00011,-0.85766,1.14377,3.84128,1.03149,12.31986
2022-05-26,0.00025,-0.82566,0.86546,3.93861,0.92229,13.16198
2022-05-27,0.0001,-0.83407,1.10552,4.18469,1.01957,13.17327
2022-05-30,0.00014,-0.84181,1.41566,4.30158,1.08907,13.34152
2022-05-31,0.00012,-0.83564,1.49144,4.37636,1.12861,13.43376
2022-06-01,0.00014,-0.83455,1.6229,4.50759,1.09353,13.28228
2022-06-02,0.0001,-0.83411,1.7967,4.75563,1.16529,13.2459
2022-06-03,0.00014,-0.83501,2.01459,4.78273,1.2371,13.28965
2022-06-06,0.0002,-0.86153,2.22831,4.92451,1.17717,13.6069
2022-06-07,0.00045,-0.82198,2.02868,4.96386,1.18884,13.19036
2022-06-08,0.00025,-0.83075,2.21787,4.9758,1.23981,13.27091
2022-06-09,0.00024,-0.83849,2.10801,5.15217,1.12269,12.75825
2022-06-10,0.00042,-0.93937,2.87254,5.00138,1.187,13.06124
2022-06-13,0.00014,-1.00423,3.83286,5.02447,1.29891,13.13197
2022-06-14,0.00022,-0.99326,3.97284,5.35263,1.22134,12.6425
2022-06-15,0.0002,-0.93468,3.8065,5.85418,1.23215,12.34643
2022-06-16,0.0001,-0.90726,4.06389,5.82964,1.29751,12.82446
2022-06-17,0.00013,-0.94365,3.66962,5.69114,1.14602,12.86676
2022-06-20,0.0001,-0.8656,3.33486,5.7663,1.20879,13.02724
2022-06-21,0.0001,-0.93375,3.53859,6.13155,1.17209,12.82608
2022-06-22,0.00011,-0.954,3.47365,6.05352,1.11582,12.96236
2022-06-23,0.0001,-0.89327,2.63442,5.49857,0.94494,12.6528
2022-06-24,0.00011,-0.89367,2.63649,5.56695,0.93353,12.98033
2022-06-27,0.00053,-0.79893,2.57687,5.61681,1.04649,12.78471
2022-06-28,0.00033,-0.92809,2.82261,5.91852,0.92641,12.11513
2022-06-29,0.0001,-0.90028,2.62045,5.93763,0.9113,11.96965
2022-06-30,0.00015,-0.92518,1.99188,5.66072,0.68569,12.14527
2022-07-01,0.0001,-0.98557,1.93794,5.71295,0.59493,12.78758
2022-07-04,0.0001,-0.84845,1.72863,5.43153,0.67558,13.61372
2022-07-05,0.00131,-0.8431,1.19497,5.35097,0.53438,12.34299
2022-07-06,0.01382,-3.1861,2.68719,5.12367,0.14515,12.83199
2022-07-07,0.00027,-0.36355,0.9139,5.29729,1.24431,13.73573
2022-07-08,0.00121,-0.3026,0.6927,5.1582,1.14654,13.15861
2022-07-11,0.00214,-0.27906,0.51205,5.35776,0.90885,12.94079
2022-07-12,0.00066,-0.1926,0.04338,4.79776,1.16787,13.00525
2022-07-13,0.00259,-0.25529,5.13481,0.56606,12.42043,1.45389
2022-07-14,0.0001,-0.16,4.97561,0.95886,11.85371,1.25107
2022-07-15,0.00029,-0.13973,4.78007,0.37675,12.5361,1.23098
2022-07-18,0.00011,-0.2447,5.01359,1.0139,12.52112,1.43269
2022-07-19,0.00064,-0.20066,5.00801,1.11182,12.29322,1.33551
2022-07-20,0.00017,-0.22051,4.97442,1.20268,12.44003,1.45367
2022-07-21,0.00036,-0.23227,5.08272,1.36775,12.04106,1.47306
2022-07-22,0.00059,-0.09129,4.42974,0.53438,12.67755,1.35416
2022-07-25,0.0033,-0.16864,4.64347,0.7462,12.48401,0.99831
2022-07-26,0.0001,-0.1502,4.40958,0.49641,12.75416,0.79954
2022-07-27,0.00018,-0.20955,4.37571,0.69563,12.60063,0.56937
2022-07-28,0.00033,-0.24917,4.57668,0.9451,12.02639,0.51281
2022-07-29,0.00015,-0.3222,4.42367,1.11683,11.7456,0.33413
2022-08-01,0.0001,-0.34376,4.22126,1.21275,11.57284,0.33934
2022-08-02,0.0001,-0.53231,4.13895,1.7498,11.63758,0.31371
2022-08-03,0.00157,-0.25242,3.92005,1.06765,12.1366,0.46737
2022-08-04,0.00289,-0.26626,3.96699,1.25776,11.78535,0.47349
2022-08-05,0.0003,-0.31995,3.90402,1.35587,12.08212,0.44483
2022-08-08,0.00129,-0.24701,4.10902,1.2162,12.65616,0.52293
2022-08-09,0.00015,-0.2853,4.2095,1.50535,12.18368,0.57995
2022-08-10,0.00073,-0.30586,4.17829,1.56626,12.44484,0.56583
2022-08-11,0.00036,-0.27284,4.23813,1.42646,12.71327,0.59855
2022-08-12,0.0001,-0.27135,4.5769,1.36871,12.80043,0.61264
2022-08-15,0.00011,-0.21799,4.23505,1.22937,13.15951,0.75746
2022-08-16,0.0001,-0.21244,4.21447,1.17902,13.39507,0.73452
2022-08-17,0.00014,-0.09901,4.42352,1.17963,13.40387,0.93897
2022-08-18,0.0001,-0.06963,4.32537,1.4428,13.83789,1.04672
2022-08-19,0.00021,-0.04679,4.51725,1.41783,12.87307,0.94018
2022-08-22,0.0001,-0.00296,4.61877,1.27605,12.87458,0.97721
2022-08-23,0.00011,-0.08288,4.79889,1.75629,12.40879,1.09127
2022-08-24,0.00119,-0.16968,5.07282,1.79387,11.97353,0.97952
2022-08-25,0.00103,-0.24026,5.19101,2.00264,11.69309,0.97544
2022-08-26,0.00178,-0.30088,5.31317,2.33803,11.9458,0.99583
2022-08-29,0.01126,-0.5206,5.74828,3.4399,11.26098,1.09125
2022-08-30,0.01417,-0.64542,5.81722,3.59413,11.03656,1.07554
2022-08-31,0.15064,-0.72682,5.59843,3.73683,10.7469,1.09103
2022-09-01,0.35603,-0.89038,5.34227,3.74934,10.53296,1.12072
2022-09-02,0.00027,-0.50955,6.06641,3.5823,11.89597,1.16084
2022-09-05,0.0001,-0.43858,5.99493,3.16845,11.90638,1.18323
2022-09-06,0.0001,-0.25375,5.58258,2.40944,12.29934,1.4185
2022-09-07,0.00016,-0.28891,5.86723,2.41419,11.80611,1.3128
2022-09-08,0.00018,-0.07671,5.48942,2.22075,11.97197,1.29023
2022-09-09,0.00012,0.15423,5.60469,2.20929,11.93919,1.11018
2022-09-12,0.0001,0.11257,5.65195,2.34988,12.11598,1.02105
2022-09-13,0.00085,0.3193,5.24684,1.78804,12.73756,1.05513
2022-09-14,0.0001,0.31923,5.21559,2.03774,12.73243,1.24758
2022-09-15,0.0001,0.26854,5.26987,2.31228,12.17564,1.18394
2022-09-16,0.00054,0.22309,5.23194,2.82825,11.7409,1.13282
2022-09-19,0.00458,0.15469,5.50665,2.93254,11.57721,1.04378
2022-09-20,0.00027,0.21301,5.64583,3.21325,11.61649,1.0414
2022-09-21,1.95847,-6.90222,0.23417,-0.50015,0.07518,1.58145
2022-09-22,1.85219,-4.92219,0.47839,1.44295,0.14584,0.23905
2022-09-23,1.65035,-4.2999,3.74822,1.13551,0.23214,6.41713
2022-09-26,1.49177,-3.86401,4.53487,1.8803,0.28057,6.27192
2022-09-27,1.61622,-5.46067,5.18893,1.6397,0.20534,6.11471
2022-09-28,1.71358,-6.19386,4.9186,2.15608,0.16453,6.93005
2022-09-29,1.62908,-6.90794,6.28725,2.15493,0.16501,7.16982
2022-09-30,1.42768,-8.76121,8.71462,2.52787,0.14788,8.9289
2022-10-03,1.38602,-5.56934,5.99712,2.67688,0.18745,9.13491
2022-10-04,0.90374,-3.58576,5.33584,3.38223,0.22853,10.48547
2022-10-05,1.05709,-2.92146,4.34138,3.35101,0.26585,10.13387
2022-10-06,1.32179,-3.21662,3.87987,2.52051,0.25212,9.25618
2022-10-07,1.32816,-3.35426,4.27845,2.83307,0.27394,8.67323
2022-10-10,1.14105,-3.39303,4.97886,3.67763,0.27968,9.52628
2022-10-11,1.341,-2.98075,4.02759,3.58089,0.29207,9.64416
2022-10-12,1.09048,-2.64249,4.34157,4.68857,0.31154,10.16968
2022-10-13,1.04313,-2.48187,4.46872,4.68758,0.31281,10.15479
2022-10-14,1.05564,-2.31214,4.41219,4.31206,0.33611,10.46933
2022-10-17,1.03413,-2.19203,4.45573,4.59013,0.37054,11.03587
2022-10-18,1.20407,-2.13826,4.10398,4.2249,0.39602,10.72513
2022-10-19,1.24731,-1.86285,3.84969,3.95859,0.44166,10.16875
2022-10-20,1.25484,-1.76041,3.94562,4.16904,0.49155,9.9967
2022-10-21,1.63102,-2.51121,3.729,3.20454,0.38661,10.38292
2022-10-24,1.29522,-2.16767,3.97305,4.15583,0.39518,10.48803
2022-10-25,1.20032,-1.83757,4.0022,3.83883,0.43789,10.47387
2022-10-26,1.21724,-2.03009,4.3421,3.37984,0.41052,10.24516
2022-10-27,1.2299,-1.88125,4.31596,3.46368,0.38924,10.38053
2022-10-28,1.29868,-1.8525,4.04816,3.00011,0.3614,11.48157
2022-10-31,1.24486,-1.89789,4.2447,3.30693,0.34218,10.11859
2022-11-01,0.9719,-1.37491,4.38686,3.97223,0.37808,10.62197
2022-11-02,1.12357,-1.2559,3.87964,3.69981,0.40918,10.61261
2022-11-03,1.26608,-1.33872,3.6372,3.40147,0.39609,9.62859
2022-11-04,1.34485,-1.17776,3.27051,3.08744,0.44089,9.45134
2022-11-07,1.28032,-1.00952,3.26374,3.43058,0.46735,9.58968
2022-11-08,1.36893,-2.1442,4.35932,3.40631,0.28526,8.66494
2022-11-09,1.26749,-2.10013,4.68965,3.47356,0.28536,8.68626
2022-11-10,1.26886,-2.00011,4.81933,3.20332,0.27939,8.81604
2022-11-11,1.09399,-0.85551,4.24581,3.30298,0.42441,10.38721
2022-11-14,1.07535,-1.2976,5.14411,3.67968,0.36019,10.21809
2022-11-15,1.25293,-1.2995,4.64616,2.91586,0.37569,10.2409
2022-11-16,1.13345,-0.83152,4.27324,3.27121,0.44087,10.12679
2022-11-17,0.84385,-0.3331,4.04585,3.74169,0.54797,10.43983
2022-11-18,1.09847,-0.52704,3.68052,3.15095,0.53247,9.71479
2022-11-21,1.04771,-0.46199,3.59387,3.21246,0.51694,9.82803
2022-11-22,0.94098,-0.17698,3.43982,3.39629,0.60753,9.98054
2022-11-23,0.85025,-0.00382,3.43931,3.56475,0.67842,10.0794
2022-11-24,0.84749,8e-05,3.30917,3.04465,0.64019,9.914
2022-11-25,0.87472,8e-05,3.40266,3.1179,0.66869,9.52315
2022-11-28,0.89444,-4e-05,3.39431,3.14815,0.694,9.18645
2022-11-29,0.78832,-4e-05,3.3766,3.43279,0.65054,9.56654
2022-11-30,0.8595,0.0001,3.38186,3.10108,0.72262,9.51586
2022-12-01,0.82067,0.00021,3.22378,3.023,0.65295,9.35828
2022-12-02,0.22643,0.68151,3.59382,4.72918,0.74241,10.00964
2022-12-05,0.27146,0.63595,3.75806,4.49076,0.79584,9.34962
2022-12-06,0.28087,0.67346,3.6915,4.49434,0.80375,9.39762
2022-12-07,0.20164,0.85157,3.51148,4.65526,0.77727,9.57357
2022-12-08,0.18287,0.91886,3.44734,4.66062,0.77659,9.60654
2022-12-09,0.10911,0.99191,3.65734,5.09044,0.81041,9.42907
2022-12-12,0.0266,1.08004,3.95567,5.55832,0.7679,9.37701
2022-12-13,0.21907,0.977,3.58298,4.90881,0.84613,9.14064
2022-12-14,0.41567,0.79734,3.30535,4.56014,0.78281,9.51852
2022-12-15,0.2377,1.04934,3.38069,5.03959,0.83837,10.26958
2022-12-16,0.81523,0.34125,3.62613,3.77772,0.84419,8.69883
2022-12-19,0.69718,0.47619,3.55913,4.34255,0.81004,9.27242
2022-12-20,0.62054,0.58672,3.73725,4.88327,0.87677,10.0288
2022-12-21,0.62038,0.62469,3.68177,4.90748,0.91545,10.24055
2022-12-22,0.59808,0.71562,3.62747,5.02026,0.95824,10.38962
2022-12-23,0.56791,0.70779,3.87455,5.3363,0.94755,10.3645
2022-12-27,0.62116,0.61716,4.09083,5.47211,0.97741,10.46798
2022-12-28,0.80384,0.34485,3.91788,5.00516,0.88687,10.1916
2022-12-29,0.61154,0.60974,4.02764,5.61604,0.95223,10.64942
2022-12-30,0.90536,0.08032,4.34532,4.8861,0.82692,10.61343
2023-01-02,0.67291,0.21198,4.82111,5.53624,0.8207,10.96045
2023-01-03,1.02224,0.13706,4.19669,3.888,0.72182,9.99899
2023-01-04,0.93532,0.1356,4.52224,4.11514,0.64368,10.14717
2023-01-05,0.864,0.68062,3.99833,4.29926,0.7104,10.37446
2023-01-06,0.93187,0.58228,4.08835,4.13214,0.68472,10.07059
2023-01-09,0.76395,0.85582,4.09157,4.53869,0.70389,10.41576
2023-01-10,0.56126,1.11839,4.20741,5.17702,0.75785,10.71108
2023-01-11,0.65458,0.89794,4.37856,4.75862,0.70055,10.51821
2023-01-12,0.20611,1.59174,4.3517,5.95192,0.82329,11.17306
2023-01-13,0.11624,1.62822,4.44792,6.03519,0.79536,11.38984
2023-01-16,0.23894,1.53146,4.38472,5.97191,0.80159,11.34545
2023-01-17,0.43555,1.28469,4.29816,5.2894,0.75385,11.24105
2023-01-18,0.21058,1.54209,4.23198,5.71924,0.79101,11.51794
2023-01-19,0.00494,1.81663,4.33851,5.99194,0.84137,11.45741
2023-01-20,0.10795,1.79689,4.121,6.00107,0.87667,11.48398
2023-01-23,0.1493,1.85077,3.93084,6.07048,0.9201,11.91121
2023-01-24,0.14177,1.93369,3.73943,6.08274,0.93225,11.83651
2023-01-25,0.05973,1.95251,3.82202,6.11524,0.90235,11.64362
2023-01-26,0.1532,1.82664,3.85499,6.13791,0.88192,11.61902
2023-01-27,0.25848,1.71714,3.89875,5.98757,0.87751,11.38209
2023-01-30,0.49047,1.4315,3.89787,5.39485,0.82377,11.24014
2023-01-31,0.34379,1.53521,4.15322,5.82586,0.84303,11.30844
2023-02-01,0.20064,1.82148,3.92846,6.09331,0.92732,11.55458
2023-02-02,0.20391,1.78752,4.12768,6.09363,0.89386,11.70102
2023-02-03,0.17571,1.82785,3.98857,6.08624,0.8443,12.35755
2023-02-06,0.45737,1.54549,3.84689,5.59227,0.80586,12.02393
2023-02-07,0.66163,1.33399,3.65034,4.98686,0.78216,11.78087
2023-02-08,0.62779,1.52781,3.5998,5.21862,0.82498,11.54751
2023-02-09,0.5626,1.58214,3.83892,5.21673,0.77749,11.67889
2023-02-10,0.68756,1.46002,3.88277,4.98273,0.76661,11.56979
2023-02-13,0.64096,1.58721,3.82784,5.10558,0.79357,11.49245
2023-02-14,0.64416,1.63551,3.77257,5.03786,0.81847,11.3649
2023-02-15,0.64,1.6907,3.77082,5.14367,0.8554,11.29312
2023-02-16,0.45325,1.97674,3.68825,5.9871,0.92923,11.63897
2023-02-17,0.7159,1.65924,3.78425,5.33878,0.86751,11.28199
2023-02-20,0.54153,1.9436,3.6329,5.61572,0.91637,11.66093
2023-02-21,0.83023,1.60063,3.68339,4.81484,0.85209,11.38718
2023-02-22,0.88007,1.57848,3.59405,4.8211,0.86766,11.26001
2023-02-23,1.04942,1.37927,3.4192,4.38425,0.80295,11.53892
2023-02-24,0.79513,1.65291,3.71773,4.84452,0.84813,11.37093
2023-02-27,0.87357,1.5288,4.06596,4.88921,0.84373,11.3855
2023-02-28,0.76676,1.59396,4.44529,5.45624,0.87335,11.63439
2023-03-01,0.85954,1.52195,4.43507,5.34737,0.89032,11.57229
2023-03-02,1.11016,1.23777,4.34971,4.70567,0.82884,11.17062
2023-03-03,0.8992,1.5373,4.32618,5.21104,0.87865,11.67631
2023-03-06,0.84613,1.56431,4.58375,5.13719,0.86752,11.41085
2023-03-07,0.84851,1.50859,4.80131,5.0769,0.89095,11.71602
2023-03-08,0.7247,1.69576,5.00162,5.5164,0.92496,11.83838
2023-03-09,0.85352,1.57782,4.89045,5.11312,0.9002,11.76978
2023-03-10,0.53649,1.9926,4.5437,5.76831,0.92697,12.01598
2023-03-13,0.56712,1.96417,3.74356,5.10067,0.83017,12.25556
2023-03-14,1.17186,0.96663,3.70239,3.58039,0.66952,11.90543
2023-03-15,0.74349,1.73795,3.23348,4.78189,0.80021,11.49087
2023-03-16,0.27509,2.20463,2.61073,5.95271,1.16026,12.13872
2023-03-17,0.2565,2.3436,2.56208,5.94256,1.13131,12.38009
2023-03-20,0.12784,2.58747,15.28693,-13.20676,8.13834,5.86885
2023-03-21,0.27033,2.56467,30.0,-27.46454,8.10639,7.00789
2023-03-22,0.31722,2.65917,27.95583,-25.50689,8.25668,7.09273
2023-03-23,0.29502,2.69261,30.0,-27.64536,7.90813,6.80979
2023-03-24,0.89018,2.01096,27.03944,-26.5036,6.01733,5.19899
2023-03-27,0.24845,2.68853,30.0,-27.75407,7.52302,6.39502
2023-03-28,0.38265,2.61345,30.0,-27.6014,7.82454,6.70406
2023-03-29,0.38168,2.60017,29.99781,-27.63277,7.70217,6.57228
2023-03-30,0.40312,2.58117,30.0,-27.59519,8.13919,6.99071
2023-03-31,0.38285,2.65802,30.0,-27.54795,8.44256,7.32788
2023-04-03,0.41341,2.64467,30.0,-27.63832,8.33708,7.18446
2023-04-04,0.34564,2.68802,29.6268,-27.31545,8.17299,7.02147
2023-04-05,0.36432,2.69036,29.65277,-27.42128,7.93305,6.75876
2023-04-06,0.22747,2.74207,30.0,-27.92366,7.50191,6.3366
2023-04-11,0.32447,2.73289,29.98725,-27.8688,7.97186,6.7885
2023-04-12,0.38883,2.76411,30.0,-27.89857,7.99083,6.81646
2023-04-13,0.46385,2.72155,29.98931,-27.82251,8.00396,6.83082
2023-04-14,0.4696,2.74274,29.92187,-27.81167,7.96014,6.7753
2023-04-17,2.55058,0.12489,-4.33664,5.01954,1.39575,0.92743
2023-04-18,2.59394,0.05986,-5.51271,6.30141,1.2481,0.90316
2023-04-19,2.59784,0.05698,-6.02046,7.00742,1.24334,0.93445
2023-04-20,2.56855,0.12645,-3.02526,3.93966,1.45904,0.84474
2023-04-21,2.54677,0.1337,-2.7475,3.56169,1.53555,0.82048
2023-04-24,2.55949,0.1396,-6.42275,7.21798,1.29018,0.98572
2023-04-25,2.56101,0.13917,-28.36022,29.16298,1.16903,1.09114
2023-04-26,2.51001,0.30197,-12.14694,12.21502,1.2703,1.08345
2023-04-27,2.59436,0.20707,-29.75837,30.0,1.20548,1.13058
2023-04-28,2.52137,0.16827,-29.80738,30.0,1.21935,1.14745
2023-05-02,2.55343,0.17949,-18.00984,18.14382,1.28386,1.15264
2023-05-03,2.43248,0.28338,-11.06991,11.07664,1.30156,1.09008
2023-05-04,2.49233,0.31238,-26.51645,26.23102,1.27345,1.18213
2023-05-05,0.42748,2.75593,-27.69564,30.0,5.90586,7.13728
2023-05-08,0.47686,2.69919,-27.57416,30.0,6.17755,7.40679
2023-05-09,0.49675,2.70091,30.0,-28.07124,7.4029,6.18156
2023-05-10,0.52625,2.69838,29.99902,-28.12788,7.27717,6.04983
2023-05-11,2.59211,0.25887,-5.66319,5.08168,1.4357,0.94796
2023-05-12,2.53491,0.47057,-25.67426,24.79982,1.28205,1.1845
2023-05-15,0.67015,2.64148,-28.00242,29.73284,5.67478,6.8267
2023-05-16,0.52432,2.76426,-27.91301,30.0,5.78357,7.02366
2023-05-17,0.5129,2.76166,-27.71793,30.0,5.94958,7.19451
2023-05-18,0.57035,2.69831,-27.51355,29.95869,6.27495,7.51272
2023-05-19,0.62646,2.63177,-27.41155,29.95539,6.3097,7.53813
2023-05-22,0.58063,2.6719,30.0,-27.98715,7.5983,6.37332
2023-05-23,0.64345,2.61892,29.9706,-27.83,7.78052,6.56015
2023-05-24,0.60983,2.67084,30.0,-27.92182,7.70407,6.487
2023-05-25,0.63496,2.67301,30.0,-27.93306,7.81941,6.59659
2023-05-26,0.67775,2.6526,29.98037,-27.87244,7.64968,6.43942
2023-05-29,0.6166,2.74466,30.0,-27.99593,7.76399,6.54879
2023-05-30,2.66148,0.25064,14.64909,-14.83426,1.1821,1.35926
2023-05-31,0.44523,2.86485,-25.9897,28.21333,6.82899,8.22119
2023-06-01,0.47861,2.90354,-27.9037,29.98961,6.19161,7.47559
2023-06-02,0.47605,2.92878,-27.95638,29.97036,6.17228,7.47512
2023-06-05,2.65185,0.38005,9.06908,-9.38968,1.15755,1.46712
2023-06-06,2.62409,0.467,10.33367,-10.83999,1.17713,1.44734
2023-06-07,2.63539,0.47642,11.79285,-12.15986,1.18143,1.41302
2023-06-08,2.72462,0.38686,29.57002,-29.99945,1.28374,1.3756
2023-06-09,2.67359,0.43489,29.70001,-29.9935,1.25886,1.35265
2023-06-12,2.63219,0.52827,26.74692,-27.13961,1.26996,1.37104
2023-06-13,2.62897,0.5335,25.24274,-25.56207,1.27198,1.38232
2023-06-14,0.57706,3.03751,30.0,-28.54228,7.49262,6.24446
2023-06-15,0.59713,3.03635,29.98299,-28.45149,7.75524,6.51415
2023-06-16,0.54841,3.12242,30.0,-28.46317,7.89789,6.63728
2023-06-19,2.63597,0.63973,10.592,-10.46805,1.22173,1.45931
2023-06-20,2.63134,0.66581,24.09029,-23.95466,1.30523,1.41045
2023-06-21,2.50855,0.7764,29.98035,-29.56932,1.23613,1.31845
2023-06-22,2.49628,0.78569,27.54795,-26.87679,1.15796,1.24095
2023-06-23,2.43754,0.89809,29.89827,-29.46605,1.23296,1.31586
2023-06-26,2.41383,0.92507,28.93018,-28.6155,1.23484,1.32369
2023-06-27,2.42227,0.94168,20.90753,-20.65823,1.2457,1.36932
2023-06-28,2.42535,0.93291,29.33431,-29.10766,1.33685,1.42888
2023-06-29,2.40842,0.93909,29.89252,-29.45756,1.27498,1.35717
2023-06-30,2.4668,0.86711,29.943,-29.34278,1.25564,1.33441
2023-07-03,2.34858,0.95645,29.99652,-29.09373,1.25411,1.32779
2023-07-04,2.44981,0.84106,17.2818,-16.44167,1.22328,1.35502
2023-07-05,2.43938,0.89342,29.96599,-29.43966,1.31074,1.39117
2023-07-06,2.55181,0.75483,21.54797,-20.88841,1.25809,1.36906
2023-07-07,2.63484,0.67443,26.42214,-25.72308,1.17674,1.24759
2023-07-10,2.69445,0.63046,29.9898,-29.47062,1.21501,1.28199
2023-07-11,2.62488,0.72794,29.98054,-29.44708,1.26805,1.33999
2023-07-12,2.67333,0.65298,13.17448,-12.62699,1.20975,1.38508
2023-07-13,2.58677,0.8019,27.35224,-27.23094,1.26151,1.35074
2023-07-14,2.55289,0.79593,29.73313,-29.25363,1.18017,1.26335
2023-07-17,0.49489,2.88216,3.63725,5.93408,0.91835,13.23829
2023-07-18,0.43398,2.97106,3.52638,5.94971,0.90674,13.35129
2023-07-19,0.37202,3.04513,3.50832,5.99987,0.8738,13.3674
2023-07-20,0.44711,2.91757,3.70881,5.9606,0.88723,13.25879
2023-07-21,0.49362,2.89765,3.5901,5.96446,0.90332,13.1452
2023-07-24,0.44046,2.97913,3.37217,5.98049,0.89243,13.42113
2023-07-25,0.47433,2.90656,3.48288,5.95961,0.90518,13.3735
2023-07-26,0.47437,2.87516,3.62354,5.96719,0.88228,13.2499
2023-07-27,0.53249,2.75144,3.7726,5.97753,0.8691,13.34654
2023-07-28,0.57315,2.75195,3.42013,6.01195,0.86886,13.39598
2023-07-31,0.58289,2.67249,3.67741,6.0396,0.83894,13.25018
2023-08-01,0.5636,2.72388,3.57836,6.06386,0.82855,13.08359
2023-08-02,0.6019,2.66809,3.57301,6.11437,0.78992,13.18266
2023-08-03,0.65995,2.62932,3.41393,6.14802,0.79156,12.97281
2023-08-04,0.66497,2.6393,3.32665,6.14843,0.81902,12.6715
2023-08-07,0.65732,2.57416,3.46287,6.171,0.77116,12.82673
2023-08-08,0.55542,2.6886,3.43163,6.14415,0.79068,12.83636
2023-08-09,0.53893,2.70983,3.49757,6.13222,0.78007,12.94131
2023-08-10,0.60357,2.67898,3.35416,6.11825,0.81308,12.9533
2023-08-11,0.64396,2.56288,3.506,6.1416,0.78183,12.95459
2023-08-14,0.68591,2.52834,3.4958,6.13334,0.79609,12.89247
2023-08-15,0.74466,2.43113,3.63587,6.13368,0.81313,12.66752
2023-08-16,0.7301,2.40605,3.68279,6.12083,0.79985,12.96091
2023-08-17,0.76241,2.44218,3.49044,6.1413,0.81017,12.89481
2023-08-18,0.69625,2.52825,3.35996,6.12616,0.8133,12.89488
2023-08-21,0.74446,2.43894,3.4806,6.1402,0.79371,13.04698
2023-08-22,0.73551,2.43919,3.5416,6.13402,0.80797,12.70925
2023-08-23,0.63027,2.49137,3.70881,6.1885,0.75668,12.95004
2023-08-24,0.57457,2.62854,3.51509,6.12578,0.77561,13.09397
2023-08-25,0.63978,2.59791,3.40463,6.12755,0.78979,13.08058
2023-08-28,0.65356,2.58909,3.48811,6.08578,0.82059,13.03671
2023-08-29,0.63551,2.54459,3.74485,6.1188,0.77207,12.88368
2023-08-30,0.65092,2.57581,3.70639,6.04667,0.80777,13.45036
2023-08-31,0.60628,2.6681,3.5137,6.11566,0.78391,13.33101
2023-09-01,0.59223,2.72372,3.47147,6.11196,0.76276,13.33124
2023-09-04,0.68217,2.56701,3.6224,6.14653,0.73573,13.16186
2023-09-05,0.72119,2.53437,3.64038,6.15906,0.72527,13.24878
2023-09-06,0.74035,2.49137,3.70262,6.14692,0.72838,13.20368
2023-09-07,0.73997,2.50297,3.6384,6.11901,0.76614,13.22863
2023-09-08,0.71588,2.55248,3.58602,6.13027,0.76437,13.28213
2023-09-11,0.7384,2.56293,3.47878,6.1132,0.78316,13.69534
2023-09-12,0.73902,2.59986,3.45382,6.12089,0.78008,13.24982
2023-09-13,1.03438,2.10659,4.01358,5.33701,0.66624,13.27091
2023-09-14,0.88126,2.34855,3.98392,5.65934,0.7035,13.08744
2023-09-15,0.79258,2.48544,4.15978,6.03179,0.7043,13.40917
2023-09-18,0.86676,2.41651,4.14675,5.9365,0.70141,13.39998
2023-09-19,0.82497,2.50366,4.08761,6.10709,0.73218,13.34408
2023-09-20,0.97897,2.37711,3.84711,5.70928,0.73368,13.94079
2023-09-21,0.86409,2.5058,3.94593,6.07617,0.77907,13.95871
2023-09-22,0.91693,2.41145,3.95044,5.95493,0.71328,13.41797
2023-09-25,1.02211,2.23245,4.09849,5.89178,0.66753,13.50127
2023-09-26,1.00486,2.24302,4.07325,6.10277,0.65522,13.58189
2023-09-27,1.03921,2.24892,3.93518,5.92067,0.65897,13.72227
2023-09-28,1.37618,1.71056,4.15616,5.31484,0.56151,13.41872
2023-09-29,1.30353,1.84837,4.0791,5.2922,0.57297,13.33568
2023-10-02,1.11379,2.14546,3.94125,6.06344,0.61683,13.31908
2023-10-03,1.14654,2.25513,3.59278,6.22602,0.63147,13.58383
2023-10-04,1.17126,2.22281,3.51629,6.28583,0.62556,13.22064
2023-10-05,1.16266,2.26578,3.46806,6.27781,0.61582,13.36281
2023-10-06,1.11312,2.22197,3.73971,6.30513,0.5821,13.44546
2023-10-09,1.07163,2.33682,3.61032,6.29326,0.58637,13.5902
2023-10-10,1.02023,2.38005,3.66306,6.27916,0.58503,13.64252
2023-10-11,0.9147,2.57661,3.52213,6.24463,0.63075,13.36436
2023-10-12,0.90901,2.55659,3.57803,6.24304,0.64833,13.33685
2023-10-13,0.92328,2.55812,3.59203,6.25792,0.64612,13.29772
2023-10-16,0.97893,2.44017,3.62537,6.25246,0.64367,13.64062
2023-10-17,0.9959,2.42723,3.5964,6.23974,0.6586,13.57458
2023-10-18,1.06929,2.31166,3.64021,6.29191,0.65967,13.1279
2023-10-19,1.09741,2.27339,3.61653,6.29461,0.66007,12.95582
2023-10-20,1.09625,2.22302,3.76857,6.32607,0.62038,13.16747
2023-10-23,1.14829,2.1348,3.8173,6.3441,0.58756,13.24588
2023-10-24,0.97654,2.3583,3.84888,6.28287,0.61695,13.32133
2023-10-25,1.04956,2.23814,3.92499,6.31618,0.58872,13.40309
2023-10-26,1.1036,2.24739,3.75875,6.31938,0.58831,13.57379
2023-10-27,1.08753,2.21443,3.89399,6.32934,0.55499,13.99012
2023-10-30,1.09071,2.1789,3.96723,6.34208,0.53688,14.42743
2023-10-31,1.04268,2.27075,3.90732,6.31426,0.54841,14.03597
2023-11-01,1.11518,2.13005,4.01,6.35147,0.52406,14.2915
2023-11-02,1.00398,2.37586,3.79464,6.32487,0.54356,14.48265
2023-11-03,0.98832,2.389,3.85466,6.30375,0.56501,14.23206
2023-11-06,0.95891,2.43285,3.83715,6.28894,0.57274,14.15511
2023-11-07,0.93211,2.5388,3.67355,6.2795,0.59411,13.82845
2023-11-08,0.8289,2.67348,3.67715,6.24946,0.61848,13.34738
2023-11-09,0.86283,2.67236,3.62055,6.2531,0.61754,13.8361
2023-11-10,0.94381,2.5986,3.58184,6.28684,0.61208,13.74114
2023-11-13,0.89701,2.69191,3.50412,6.25541,0.65126,13.60646
2023-11-14,0.88296,2.70742,3.50885,6.25097,0.65272,13.41303
2023-11-15,0.80398,2.77934,3.39334,6.24704,0.65123,13.98056
2023-11-16,1.43608,2.57845,-29.7688,30.0,5.04217,6.05474
2023-11-17,1.61819,2.37027,-29.96229,29.44264,4.74325,5.63999
2023-11-20,1.54104,2.47312,-29.99545,29.86479,4.8833,5.81624
2023-11-21,1.57715,2.47918,-30.0,29.70643,4.82926,5.71537
2023-11-22,1.41002,2.6209,-23.70872,23.81089,4.83643,6.0664
2023-11-23,1.54617,2.47537,-26.22674,26.04199,4.80792,5.83035
2023-11-24,1.56464,2.47565,-29.81193,29.75513,4.9116,5.81825
2023-11-27,1.52499,2.51025,-29.98234,29.98284,4.99763,5.92078
2023-11-28,1.69377,2.36404,-24.02713,23.33659,4.59636,5.66397
2023-11-29,1.88335,2.18122,-28.0784,26.57436,4.31936,5.11794
2023-11-30,2.07644,1.97221,-29.96687,27.87203,4.04266,4.68163
2023-12-01,1.462,2.59808,-5.18018,5.60899,2.9199,8.65434
2023-12-04,0.61284,3.46253,-3.16611,6.80476,2.34674,11.68843
2023-12-05,0.53607,3.5614,-2.7713,6.64241,2.13645,12.04992
2023-12-06,0.45248,3.68284,-2.43134,6.52114,2.00605,12.23191
2023-12-07,0.356,3.74876,-2.60016,6.5422,2.08321,12.06728
2023-12-08,0.89354,3.19858,-3.77422,5.61699,2.42468,10.65159
2023-12-11,0.65886,3.40557,-3.56881,6.26258,2.51523,10.88347
2023-12-12,0.85716,3.20393,-4.24365,5.92147,2.69001,9.91998
2023-12-13,0.49112,3.61645,-3.01316,6.2425,2.36735,11.50313
2023-12-14,0.27553,3.84497,-2.4951,6.499,1.90781,12.52558
2023-12-15,0.22747,3.90867,-2.48369,6.47575,1.95139,12.38921
2023-12-18,0.19806,3.99136,-2.09383,6.39302,1.76401,12.68163
2023-12-19,0.21818,3.942,-2.44484,6.45036,1.93439,12.49876
2023-12-20,0.17813,4.02096,-2.22088,6.40402,1.7646,12.66262
2023-12-21,0.15123,4.01316,-2.3379,6.42703,1.82905,12.50495
2023-12-22,0.15612,4.02319,-2.26759,6.42243,1.76194,12.64396
2023-12-27,0.14635,4.00937,-2.35466,6.43469,1.77582,12.7336
2023-12-28,0.14789,4.0178,-2.17017,6.39083,1.67775,13.01376
2023-12-29,0.25165,3.9083,-2.26495,6.47951,1.66332,12.73526
2024-01-02,0.32436,3.84303,-2.18317,6.4813,1.65728,12.71663
2024-01-03,0.29515,3.93859,-2.12393,6.44858,1.6042,12.91286
2024-01-04,0.30581,3.93372,-2.25104,6.46183,1.64476,12.85146
2024-01-05,0.36118,3.89935,-2.1573,6.44339,1.71437,12.58731
2024-01-08,0.37148,3.86666,-2.24789,6.46528,1.76068,12.563
2024-01-09,0.41034,3.83673,-2.2069,6.46255,1.73578,12.74146
2024-01-10,0.37873,3.87167,-2.32847,6.46633,1.81042,12.55333
2024-01-11,0.37988,3.83261,-2.42197,6.50002,1.91844,12.32619
2024-01-12,0.36862,3.89373,-2.01044,6.42628,1.65029,12.8304
2024-01-15,0.41095,3.85764,-1.97943,6.44218,1.57909,12.97277
2024-01-16,0.4141,3.87891,-1.78538,6.40822,1.52924,12.90756
2024-01-17,0.43915,3.90742,-1.54805,6.37206,1.46295,12.9866
2024-01-18,0.46815,3.86352,-1.10919,6.33417,1.36908,13.07237
2024-01-19,0.4814,3.83737,-1.20587,6.34241,1.40377,12.97232
2024-01-22,0.44827,3.86963,-1.33434,6.33533,1.47598,13.01033
2024-01-23,0.47568,3.85279,-1.42742,6.36124,1.48533,13.00105
2024-01-24,0.50648,3.80832,-1.62982,6.38605,1.54942,13.01773
2024-01-25,0.53711,3.75678,-1.38388,6.36173,1.49411,12.98974
2024-01-26,0.47591,3.82488,-1.54739,6.39415,1.42506,13.31563
2024-01-29,0.45646,3.84798,-1.38657,6.36328,1.35517,13.45646
2024-01-30,0.46334,3.80946,-1.38628,6.32596,1.4185,13.61576
2024-01-31,0.43454,3.83197,-1.68891,6.35284,1.53976,13.28398
2024-02-01,0.44881,3.79579,-1.6512,6.36351,1.50875,13.61317
2024-02-02,0.36431,3.87804,-1.46164,6.32115,1.51213,13.30549
2024-02-05,0.47893,3.75959,-1.69291,6.3551,1.66002,13.23293
2024-02-06,0.54302,3.70526,-1.52713,6.30984,1.58197,13.40682
2024-02-07,0.52017,3.67607,-1.77042,6.3283,1.71156,13.46081
2024-02-08,0.533,3.65868,-1.45764,6.28737,1.62124,13.77117
2024-02-09,0.56074,3.60019,-1.35238,6.26862,1.66887,13.57953
2024-02-12,0.55642,3.64269,-0.82322,6.22919,1.44076,13.84909
2024-02-13,0.56266,3.64781,-0.74886,6.21548,1.41448,13.8862
2024-02-14,0.53824,3.67068,-1.18442,6.24999,1.63671,13.4265
2024-02-15,0.47622,3.73002,-1.00099,6.21623,1.60143,13.72535
2024-02-16,0.5454,3.63183,-1.29003,6.25571,1.75611,13.37871
2024-02-19,0.54444,3.62134,-1.55643,6.28185,1.91216,13.09129
2024-02-20,0.5368,3.62645,-1.61697,6.29005,1.94887,13.07129
2024-02-21,0.55066,3.62802,-1.45392,6.2675,1.84421,13.24404
2024-02-22,0.57759,3.56394,-1.751,6.2996,2.12352,12.77014
2024-02-23,0.60248,3.50892,-2.46431,6.38357,2.59028,12.01738
2024-02-26,0.50589,3.63687,-2.02169,6.30721,2.30646,13.01869
2024-02-27,0.66364,3.4517,-2.41755,6.1227,2.49736,12.46979
2024-02-28,0.60764,3.50149,-2.08746,6.36176,2.37703,12.9518
2024-02-29,1.26121,2.83104,-3.30599,4.96083,2.83187,10.55226
2024-03-01,0.53726,3.58668,-1.92677,6.28171,2.29966,12.88891
2024-03-04,0.52343,3.65631,-1.20454,6.15132,1.88072,13.55607
2024-03-05,0.5144,3.6376,-1.84714,6.23836,2.23513,13.12716
2024-03-06,0.89424,3.25396,-2.58135,5.24071,2.41521,12.14571
2024-03-07,0.42849,3.74728,-1.07955,6.10083,1.86868,13.67486
2024-03-08,0.42061,3.75767,-1.30103,6.16134,1.84105,13.72713
2024-03-11,0.43405,3.75792,-1.45221,6.1867,1.85605,13.6666
2024-03-12,0.44019,3.74518,-1.65812,6.21909,1.98734,13.24824
2024-03-13,0.45735,3.79186,-1.33516,6.16588,1.83786,13.51594
2024-03-14,0.53056,3.65028,-1.61325,6.21936,2.02323,13.35288
2024-03-15,0.57523,3.56884,-1.51514,6.20239,2.08042,13.11319
2024-03-18,0.59748,3.54944,-1.70458,6.24903,2.16756,12.99747
2024-03-19,0.58875,3.55066,-1.63776,6.22361,2.10857,13.10944
2024-03-20,1.28673,2.81029,-3.17856,4.61001,2.58594,10.88963
2024-03-21,0.61167,3.4827,-1.90721,6.15904,2.18352,13.03941
2024-03-22,0.73941,3.3466,-2.44707,5.83433,2.37128,12.38597
2024-03-25,0.51007,3.57195,-2.08599,6.32403,2.27419,12.91103
2024-03-26,0.5039,3.56393,-2.07373,6.31683,2.32689,12.86704
2024-03-27,0.75912,3.28544,-2.4727,5.62433,2.44035,12.32792
2024-03-28,1.26198,2.76708,-3.48813,4.48992,2.77008,10.40761
2024-04-02,0.5334,3.50997,-2.05645,6.32724,2.2816,12.92591
2024-04-03,0.56857,3.47293,-1.99603,6.34441,2.21664,12.85639
2024-04-04,0.54789,3.49179,-1.97051,6.3148,2.2388,12.97925
2024-04-05,0.92396,3.0955,-2.9598,5.46704,2.57034,11.57399
2024-04-08,1.79019,2.20614,-4.82601,4.43392,3.10508,7.92627
2024-04-09,1.69158,2.30259,-4.63215,4.36059,3.1308,8.13271
2024-04-10,0.98003,3.03174,-3.25099,5.36231,2.73636,11.00938
2024-04-11,1.80929,2.18231,-6.93691,6.24338,3.62781,6.54746
2024-04-12,1.41996,2.56672,-4.10141,4.68672,2.99332,9.11162
2024-04-15,0.54711,3.45928,-2.24139,6.41061,2.42836,12.4505
2024-04-16,0.71686,3.28348,-2.23704,6.08983,2.41141,12.26089
2024-04-17,1.44098,2.53968,-3.57596,4.62985,2.85765,9.70766
2024-04-18,1.6492,2.31318,-4.48943,4.55777,3.13657,8.33378
2024-04-19,1.64452,2.28035,-4.63525,4.78414,3.29834,8.23739
2024-04-22,1.83056,2.09692,-5.72753,5.43765,3.55107,7.16544
2024-04-23,1.70427,2.21685,-5.11668,5.11021,3.44811,7.84112
2024-04-24,1.88319,2.02616,-6.46477,6.04193,3.67421,6.89611
2024-04-25,2.00497,1.89563,-7.10659,6.45459,3.76289,6.54025
2024-04-26,1.9498,1.93809,-13.67802,13.05071,4.43887,5.8537
2024-04-29,2.03668,1.86554,-27.7883,26.53298,4.4986,5.11399
2024-04-30,1.8634,2.02465,-21.90996,21.16825,4.66512,5.55576
2024-05-02,1.8542,2.03741,-22.99576,22.25961,4.70689,5.54901
2024-05-03,1.9137,1.97448,-28.16468,27.22348,4.6538,5.29223
2024-05-06,1.98911,1.91507,-27.12631,25.6899,4.38489,4.98775
2024-05-07,1.85855,2.03033,-9.99694,9.06833,4.04574,5.94901
2024-05-08,1.70105,2.19355,-10.40036,9.81989,4.23997,6.29098
2024-05-09,1.40583,2.48178,-5.02973,5.94987,3.6661,8.67948
2024-05-10,1.40044,2.46974,-5.54912,6.27949,3.80446,8.38887
2024-05-13,1.41201,2.45021,-6.16269,6.97296,4.0092,8.16802
2024-05-14,0.97329,2.92068,-3.41613,6.07456,3.17972,10.81076
2024-05-15,1.26077,2.61471,-4.70569,6.07667,3.62259,9.27556
2024-05-16,1.08166,2.77825,-4.39905,6.16727,3.53355,9.81827
2024-05-17,1.64344,2.19895,-9.24987,9.15372,4.32264,6.83319
2024-05-20,1.67916,2.17863,-12.20012,12.00683,4.59169,6.45396
2024-05-21,1.63015,2.22,-10.14866,10.11296,4.47064,6.76366
2024-05-22,1.65637,2.18325,-21.24907,21.02618,5.00865,6.07536
2024-05-23,1.50376,2.32862,-29.6025,29.72148,5.38955,6.22623
2024-05-24,1.3488,2.48796,-21.78956,22.39527,5.42415,6.66448
2024-05-27,1.27201,2.55925,-29.22881,29.99789,5.69253,6.66621
2024-05-28,1.36992,2.44201,-28.26615,28.72308,5.50254,6.4495
2024-05-29,1.58215,2.22172,-28.74097,28.99297,5.35862,6.20678
2024-05-30,1.4945,2.29766,-28.7855,29.44864,5.54171,6.45338
2024-05-31,1.38187,2.39104,-28.95985,29.98293,5.76378,6.71623
2024-06-03,1.47422,2.3144,-16.60328,17.32888,5.25325,6.81481
2024-06-04,1.55006,2.22916,-23.46647,23.65539,5.22689,6.27129
2024-06-05,1.551,2.23415,-25.54875,25.66675,5.29681,6.25534
2024-06-06,1.55002,2.20442,-29.91247,30.0,5.40075,6.21199
2024-06-07,1.29061,2.48067,-10.58508,11.67569,4.99066,7.55481
2024-06-10,1.23188,2.51184,-17.90918,19.22602,5.6238,7.24375
2024-06-11,1.54725,2.20235,-29.26647,29.83893,5.55984,6.42335
2024-06-12,1.5463,2.20281,-22.63594,23.04618,5.38005,6.50229
2024-06-13,1.53961,2.20484,-29.80515,30.0,5.39172,6.21841
2024-06-14,1.83771,1.88571,-29.99634,28.9677,4.66123,5.29996
2024-06-17,1.94945,1.74267,-29.96926,28.74526,4.46465,5.00219
2024-06-18,1.63935,2.0237,-29.84819,29.45505,5.03977,5.76354
2024-06-19,1.61371,2.04893,-29.95455,29.51441,4.94961,5.6661
2024-06-20,1.6763,1.99453,-9.92436,9.75694,4.37209,6.52856
2024-06-21,1.65922,1.94594,-20.5111,20.05851,4.80278,5.85106
2024-06-24,1.65066,1.97642,-17.7477,17.46792,4.73818,5.98577
2024-06-25,1.63742,1.9942,-17.74059,17.50768,4.78065,6.03536
2024-06-26,1.65002,1.96904,-30.0,29.73061,5.04046,5.77331
2024-06-27,1.76062,1.86263,-28.47143,28.07605,4.88032,5.60482
2024-06-28,1.85201,1.7857,-20.70437,20.10891,4.63818,5.58017
2024-07-01,1.6409,1.99646,-29.45686,29.73711,5.20956,6.01382
2024-07-02,1.80062,1.82872,-29.04144,29.046,5.01976,5.77512
2024-07-03,1.65353,1.95844,-21.36191,21.79485,5.18088,6.28815
2024-07-04,1.76217,1.86815,-27.61439,27.63379,5.12159,5.91521
2024-07-05,1.58935,2.02924,-29.5876,29.96297,5.33159,6.13664
2024-07-08,1.59009,2.02285,-29.66145,29.9872,5.30907,6.12358
2024-07-09,1.51479,2.09581,-29.54432,29.98372,5.40955,6.26205
2024-07-10,1.59671,2.00479,-24.63281,24.86558,5.22053,6.18096
2024-07-11,1.9323,1.716,-28.41375,27.82573,4.86522,5.52618
2024-07-12,2.20223,1.45191,-29.83301,28.50269,4.36688,4.86276
2024-07-15,1.90528,1.66657,-29.96232,29.29041,4.83786,5.4816
2024-07-16,1.99741,1.60219,-28.31427,27.26274,4.54059,5.1485
2024-07-17,0.98961,2.63414,3.52911,-4.67635,12.99113,3.20687
2024-07-18,0.84292,2.77563,4.07288,-4.77865,12.86961,3.37256
2024-07-19,0.92161,2.69976,3.47121,-4.61414,14.05818,3.13658
2024-07-22,1.15191,2.4876,3.68695,-4.71184,12.25146,3.29485
2024-07-23,1.50556,2.11255,-4.18002,5.20152,3.35629,9.20215
2024-07-24,0.62995,3.02451,-2.01682,6.4465,2.49952,12.77337
2024-07-25,0.6369,3.02447,-1.51393,6.35882,2.05644,13.24217
2024-07-26,0.65525,2.97808,-1.46868,6.33908,2.12674,13.25406
2024-07-29,0.56196,3.10296,-1.2296,6.28685,1.90985,13.46543
2024-07-30,0.58044,3.05926,-1.72016,6.37854,2.21412,13.11601
2024-07-31,0.55519,3.11663,-1.35345,6.32272,1.89308,13.49873
2024-08-01,0.127,3.54354,0.03211,7.38784,1.39556,13.71379
2024-08-02,0.11114,3.54362,0.00362,7.26468,1.33678,13.67923
2024-08-05,0.00024,3.23173,0.04138,7.44842,1.44186,13.9971
2024-08-06,0.11294,3.45899,0.00056,7.08791,1.30635,13.54639
2024-08-07,0.45288,3.16232,0.00184,6.34891,1.20392,13.44986
2024-08-08,0.39619,3.20616,0.00543,6.54025,1.1299,13.61553
2024-08-09,0.38646,3.21824,0.0154,6.58239,1.18927,13.65851
2024-08-12,1.43846,1.62718,-15.3156,15.71316,4.80944,6.2983
2024-08-13,0.32852,3.27034,0.01492,6.71554,1.18649,13.54919
2024-08-14,0.35941,3.23765,-0.00714,6.5708,1.16509,13.6733
2024-08-15,0.35473,3.22258,-0.00349,6.54405,1.18119,13.67283
2024-08-16,0.36656,3.20713,-0.01234,6.53261,1.27737,13.58895
2024-08-19,0.48266,3.1147,-0.00711,6.12069,1.17,13.53199
2024-08-20,0.45623,3.11943,-0.00752,6.28227,1.21657,13.63576
2024-08-21,0.48575,3.08859,-0.00081,6.16645,1.16103,13.70346
2024-08-22,0.65774,2.92922,0.00122,5.69007,1.0506,13.85593
2024-08-23,0.59651,2.97173,0.00104,5.9527,1.12554,13.6881
2024-08-26,0.71236,2.8663,-0.00918,5.59997,1.02409,13.90966
2024-08-27,0.6782,2.89379,-0.0127,5.81329,1.07017,13.86545
2024-08-28,0.72008,2.85804,0.00476,5.64703,1.02562,13.87912
2024-08-29,0.59981,2.92367,0.0119,6.01109,1.0514,13.80458
2024-08-30,0.6674,2.91151,0.03672,5.86043,0.9879,13.6714
2024-09-02,0.67492,2.8948,-0.00513,6.07601,1.06019,13.62792
2024-09-03,0.66245,2.92935,0.00651,6.06892,1.05979,13.53263
2024-09-04,0.59935,2.98825,0.01552,6.02243,1.02228,13.64076
2024-09-05,0.61775,2.98612,-0.02561,5.88705,0.99027,13.55665
2024-09-06,0.62597,2.98549,-0.05875,5.71169,0.94612,13.70186
2024-09-09,0.70397,2.9313,-0.06163,5.76246,0.89759,13.67981
2024-09-10,0.72156,2.98885,-0.01968,5.51082,0.80656,13.9228
2024-09-11,0.64472,3.11505,0.01313,5.62634,0.76685,14.03349
2024-09-12,0.59537,3.09164,-0.01466,5.86921,0.84372,14.01865
2024-09-13,0.59848,3.07589,-0.05935,5.8433,0.86499,13.99855
2024-09-16,0.63085,3.02574,-0.03391,5.77313,0.86198,13.89669
2024-09-17,0.65188,3.0023,-0.01216,5.55511,0.82197,14.0626
2024-09-18,0.7445,2.87683,0.01213,5.44082,0.83018,13.96928
2024-09-19,0.7672,2.83591,-0.01025,5.52163,0.82984,14.00109
2024-09-20,0.78131,2.88472,-0.01224,5.43665,0.77006,14.18361
2024-09-23,0.72368,2.86743,0.02245,5.71399,0.76568,14.51911
2024-09-24,0.65837,2.87538,-0.03648,6.06529,0.80518,14.30142
2024-09-25,0.55634,2.95788,-0.00271,6.22906,0.81164,13.98118
2024-09-26,0.54812,2.97188,0.00098,6.24266,0.79204,13.97984
2024-09-27,0.58265,2.87634,0.01428,6.04295,0.79602,13.98575
2024-09-30,0.63331,2.83083,0.00445,6.03455,0.7894,14.0618
2024-10-01,0.44702,2.95464,0.00209,6.27684,0.84438,13.98444
2024-10-02,0.5331,2.87634,-0.01111,6.08169,0.80076,13.95346
2024-10-03,0.59044,2.79151,-0.01624,6.08478,0.78695,13.81359
2024-10-04,0.67935,2.67958,0.04465,5.89123,0.78788,13.99777
2024-10-07,0.74567,2.52882,-0.02261,5.74789,0.95662,13.5048
2024-10-08,0.73894,2.56628,-0.00064,5.82977,0.90791,13.62591
2024-10-09,0.7381,2.57685,0.03171,5.75821,0.89477,13.7289
2024-10-10,0.74021,2.52596,0.04004,5.82469,0.96293,13.57254
2024-10-11,0.75457,2.54374,-0.0401,5.88181,0.93561,13.61422
2024-10-14,0.80501,2.4854,-0.00862,5.63909,0.89848,13.71735
2024-10-15,0.81707,2.50478,0.0112,5.48821,0.85146,13.749
2024-10-16,0.75684,2.58942,0.00524,5.59837,0.85002,13.93121
2024-10-17,0.72187,2.63276,-0.00485,5.756,0.87176,13.73471
2024-10-18,0.76718,2.59348,-0.01484,5.68693,0.76573,13.79324
2024-10-21,0.77691,2.52456,-0.00747,5.78827,0.78895,13.88327
2024-10-22,0.7597,2.4534,-0.00332,6.08332,0.88366,13.576
2024-10-23,0.75793,2.37911,-0.00053,6.13759,0.85728,13.56642
2024-10-24,0.7567,2.38044,-0.07319,5.98729,0.83577,13.44444
2024-10-25,0.72019,2.3645,0.00833,6.06923,0.89496,13.41971
2024-10-28,0.78263,2.28929,-0.03905,5.90558,0.86219,13.3417
2024-10-29,0.82541,2.23395,-0.01951,5.84952,0.86997,13.27289
2024-10-30,0.85072,2.17687,-0.0066,5.61775,0.92747,13.19301
2024-10-31,1.01483,1.98257,-0.0099,5.26292,1.00113,12.75351
2024-11-01,1.10148,1.91536,-0.01277,4.99586,0.9195,12.86683
2024-11-04,1.08607,1.92505,0.00387,5.023,0.94123,12.38789
2024-11-05,1.06746,1.98178,-0.04986,5.03663,0.94062,12.38104
2024-11-06,0.9555,2.09445,-0.00876,5.48435,0.85887,12.67951
2024-11-07,1.02663,2.02484,0.00092,5.61072,0.79876,12.57835
2024-11-08,1.02891,2.02736,-0.02054,5.23382,0.82166,12.92132
2024-11-11,1.07537,2.08114,-0.04131,4.82741,0.71205,12.74872
2024-11-12,1.04206,2.10535,-0.01486,4.86765,0.69032,12.52686
2024-11-13,1.13349,2.00477,-0.01429,4.70262,0.66221,12.00354
2024-11-14,1.2449,2.06606,0.03969,4.4618,0.49274,12.25149
2024-11-15,1.19458,2.12471,-0.05414,4.46914,0.51476,12.55051
2024-11-18,1.32981,1.94769,-0.03468,4.20563,0.51709,12.61077
2024-11-19,1.13426,2.14662,0.03071,4.52851,0.55364,12.52876
2024-11-20,1.19076,2.08349,-0.00378,4.51419,0.5617,12.33814
2024-11-21,1.14856,2.12771,-0.0464,4.53446,0.5562,12.27356
2024-11-22,1.0612,2.09717,-0.00313,4.70712,0.53496,12.8386
2024-11-25,1.12682,2.05883,-0.08077,4.4113,0.55609,12.66007
2024-11-26,1.08656,2.03022,0.00421,4.46026,0.58081,13.067
2024-11-27,0.97237,2.1714,0.03062,4.51033,0.62756,12.54701
2024-11-28,0.98126,2.10842,-0.01052,4.55202,0.67044,12.74497
2024-11-29,0.9082,2.12196,0.03045,4.6046,0.7147,12.75856
2024-12-02,0.91083,2.22306,0.01888,4.47524,0.58558,12.87514
2024-12-03,0.90346,2.1558,-0.03336,4.52476,0.65821,13.08687
2024-12-04,0.94343,2.12405,-0.01238,4.40113,0.64916,12.80617
2024-12-05,1.00167,2.09443,0.00652,4.19937,0.60478,12.95935
2024-12-06,1.02574,1.9647,-0.02709,4.1613,0.70873,12.41449
2024-12-09,0.97441,2.02417,-0.00484,4.36895,0.68714,12.68708
2024-12-10,0.87445,2.0249,-0.04,4.82785,0.78123,12.88831
2024-12-11,0.89484,2.04632,-0.01272,4.74086,0.69044,12.6227
2024-12-12,0.90335,1.979,-0.01312,4.93462,0.71494,12.77873
2024-12-13,0.92602,1.85657,0.00114,5.03595,0.80003,12.54837
2024-12-16,0.93683,1.87358,0.0143,5.01084,0.78071,12.37894
2024-12-17,0.95558,1.86373,-0.02828,4.94583,0.78414,12.50725
2024-12-18,0.99257,1.85175,0.00082,4.87281,0.71937,12.43614
2024-12-19,1.078,1.80275,-0.01957,4.66143,0.65858,12.24146
2024-12-20,1.041,1.9051,-0.00265,4.9247,0.61487,12.37576
2024-12-23,1.05591,1.83276,0.03632,4.86649,0.62538,12.17553
2024-12-27,1.14216,1.58918,0.00597,4.87875,0.68714,12.19516
2024-12-30,1.17198,1.55754,0.05323,4.80134,0.65046,12.29743
2025-01-02,1.13285,1.6703,0.00446,4.83,0.62749,12.30059
2025-01-03,1.11613,1.62112,0.00587,4.911,0.77696,12.31693
2025-01-06,1.16174,1.58928,0.00694,4.93299,0.81979,12.0524
2025-01-07,1.13937,1.67481,-0.00011,5.10064,0.76573,12.14402
2025-01-08,1.16017,1.63997,0.00425,5.13682,0.77636,12.19742
2025-01-09,1.19489,1.60977,0.00521,5.19408,0.77558,12.13085
2025-01-10,1.22335,1.56235,-0.01418,5.17231,0.82516,12.05271
2025-01-13,1.35254,1.4635,-0.00109,4.84363,0.79152,11.87339
2025-01-14,1.4379,1.40734,-0.01586,4.62538,0.68173,12.08215
2025-01-15,1.5171,1.35639,-0.00044,4.42019,0.62428,12.3833
2025-01-16,1.38557,1.41515,-0.00732,4.65144,0.74932,12.54939
2025-01-17,1.36284,1.44312,0.0289,4.59474,0.69336,12.60007
2025-01-20,1.33336,1.42572,0.03023,4.72204,0.77218,12.64972
2025-01-21,1.24747,1.45219,0.00548,4.86463,0.89601,12.50837
2025-01-22,1.17672,1.50146,-0.02027,5.08754,0.97127,12.51251
2025-01-23,1.22789,1.43112,-0.02828,5.03056,0.99522,12.46001
2025-01-24,1.20311,1.44084,0.01977,5.18655,1.07773,12.34076
2025-01-27,1.12664,1.51468,0.00139,5.25436,1.11884,12.47033
2025-01-28,1.11335,1.50081,0.00813,5.37015,1.19432,12.42577
2025-01-29,1.08998,1.52668,-0.0269,5.43294,1.18094,12.48553
2025-01-30,1.12018,1.48132,-0.03238,5.33234,1.14443,12.56575
2025-01-31,1.03397,1.47994,0.00372,5.55455,1.06622,12.64208
2025-02-03,1.08301,1.48375,-0.03273,5.14286,0.83183,12.4125
2025-02-04,1.06891,1.45794,0.00543,5.26397,0.91953,12.61624
2025-02-05,1.00881,1.52693,-0.01444,5.21035,0.88449,12.57
2025-02-06,0.99014,1.51001,0.04475,5.26333,1.00333,12.44187
2025-02-07,1.01469,1.50907,0.02007,5.18534,0.93708,12.49751
2025-02-10,1.04153,1.51078,0.00029,5.20514,0.8913,12.64241
2025-02-11,1.11385,1.44199,-0.01576,5.06434,0.83473,12.62005
2025-02-12,1.10701,1.3986,0.03331,5.24633,0.94822,12.66435
2025-02-13,1.15184,1.3253,0.01421,5.08865,1.01368,12.5694
2025-02-14,1.14108,1.34236,-0.01496,5.00515,0.95493,12.59253
2025-02-17,1.13122,1.32728,-0.00335,5.30269,1.07556,12.68559
2025-02-18,1.14674,1.3055,0.02331,5.27254,1.03212,12.54586
2025-02-19,1.11667,1.28653,-0.00135,5.42606,1.14334,12.5647
2025-02-20,1.14173,1.27342,0.0056,5.4291,1.13614,12.47312
2025-02-21,1.13525,1.27007,0.01253,5.295,1.05191,12.5237
2025-02-24,1.19056,1.2399,0.00075,5.04778,0.92465,12.6306
2025-02-25,1.17207,1.27373,0.00215,5.17647,0.85309,12.82711
2025-02-26,1.07406,1.34517,0.00277,5.31004,0.96868,12.56896
2025-02-27,1.04477,1.35561,-0.02211,5.45622,1.02041,12.66114
2025-02-28,0.89999,1.49044,0.01726,5.77028,1.02825,12.75934
2025-03-03,0.71894,1.66743,0.00352,6.65116,1.22701,12.75974
2025-03-04,0.6531,1.74646,0.00436,6.94017,1.20144,12.82705
2025-03-05,0.68767,1.67153,0.06499,7.49545,1.43303,12.59589
2025-03-06,1.33783,1.04961,0.0042,5.94435,0.85069,11.55719
2025-03-07,1.3223,1.07404,0.00443,5.89312,0.90509,11.85044
2025-03-10,1.17465,1.21771,0.02688,6.33079,0.99731,11.91754
2025-03-11,1.25886,1.08214,-0.05406,6.34529,1.01062,11.99485
2025-03-12,1.29238,1.08981,-0.02174,6.40575,0.90315,11.94428
2025-03-13,1.28583,1.05303,0.04488,6.409,0.91179,12.14181
2025-03-14,1.22713,1.10567,0.01387,6.61232,0.91975,12.21203
2025-03-17,1.21529,1.09552,0.29313,6.38146,0.7571,12.23338
2025-03-18,1.23293,1.07685,0.13844,6.40863,0.87918,12.21128
2025-03-19,1.1751,1.14209,-0.00041,6.38857,1.00992,12.40469
2025-03-20,1.1789,1.10932,0.02081,6.31317,1.03759,12.37282
2025-03-21,1.07918,1.20979,-0.08148,6.65475,1.18739,12.52926
2025-03-24,2.80537,-0.57955,-6.72087,7.00048,3.61122,5.1382
2025-03-25,2.85439,-0.62596,-6.87879,7.16055,3.5774,5.02832
2025-03-26,2.89309,-0.68019,-7.19302,7.28652,3.55105,4.8614
2025-03-27,2.92127,-0.71811,-7.42132,7.3868,3.47128,4.75596
2025-03-28,2.68343,-0.48541,-2.97638,3.17374,2.62989,6.93492
2025-03-31,2.37723,-0.14119,-2.35147,3.23564,2.10371,9.47948
2025-04-01,2.3884,-0.16153,-2.31733,3.1916,2.26441,9.06251
2025-04-02,2.43704,-0.20855,-2.38107,3.07353,2.22894,8.80906
2025-04-03,2.21205,-0.00065,-2.10979,3.46982,1.89582,10.70216
2025-04-04,1.13233,1.15719,-1.10467,6.03503,1.35159,12.38037
2025-04-07,1.68998,0.58618,-2.45358,4.435,1.56518,11.32427
2025-04-08,2.67116,-0.46674,-3.04389,2.51022,2.09494,7.86908
2025-04-09,2.70096,-0.54903,-3.59419,2.82794,2.17445,7.16144
2025-04-10,1.37342,0.86808,-1.37676,5.72517,1.30589,12.11498
2025-04-11,1.12178,1.06976,-1.26055,6.20315,1.21607,12.0645
2025-04-14,1.38258,0.72029,-1.47915,5.36667,1.49121,11.5743
2025-04-15,0.78962,1.38335,-0.51438,7.02522,1.04252,12.60674
2025-04-16,0.95403,1.21739,-0.92315,6.54687,1.1427,12.50756
2025-04-17,0.95949,1.15852,-0.73519,6.61434,1.25765,12.69833
2025-04-22,0.68665,1.49148,-0.44436,7.326,0.86085,12.80675
2025-04-23,0.6952,1.43475,-0.19364,7.28316,0.8716,12.78151
2025-04-24,0.70505,1.45406,-0.11873,7.284,0.76053,12.9843
2025-04-25,0.69835,1.39569,0.00017,7.31746,0.78038,12.93256
2025-04-28,0.76341,1.34923,0.00579,7.2446,0.72222,13.04251
2025-04-29,0.71518,1.41887,0.02183,7.36324,0.69697,12.90807
2025-04-30,0.70176,1.40122,0.03826,7.29727,0.738,12.93449
2025-05-02,0.67951,1.43427,0.00505,7.37619,0.78308,13.02978
2025-05-05,0.75138,1.33823,-0.01045,7.34951,0.80229,13.07549
2025-05-06,0.74953,1.35556,0.02983,7.50186,0.73988,13.09291
2025-05-07,0.75724,1.3694,-0.01715,7.41107,0.73066,13.10409
2025-05-08,0.71138,1.4099,-0.03392,7.50899,0.7906,13.23943
2025-05-09,0.76909,1.30547,0.00071,7.58089,0.82203,13.08858
2025-05-12,0.82722,1.22462,-0.00644,7.4375,1.01153,12.97601
2025-05-13,0.87812,1.17692,-0.00256,7.47451,1.01203,13.07341
2025-05-14,0.91295,1.14201,0.004,7.38938,0.9698,13.16983
2025-05-15,1.05147,1.01797,-0.0819,6.95137,0.8429,13.22975
2025-05-16,1.00523,1.07976,0.01679,6.69541,0.71905,13.26902
2025-05-19,0.90787,1.16057,0.01585,7.35333,0.81806,13.1816
2025-05-20,0.86662,1.22147,-0.03405,7.20625,0.80993,13.36683
2025-05-21,0.90904,1.16691,0.03554,7.47402,0.79012,13.37112
2025-05-22,0.89596,1.18498,-0.08634,7.51953,0.80181,13.45508
2025-05-23,0.89191,1.17536,-0.02146,7.4481,0.8027,13.53925
2025-05-26,0.82812,1.21416,0.02203,7.58675,0.78367,13.54366
2025-05-27,0.79207,1.21992,0.02572,7.40842,0.83434,13.63619
2025-05-28,0.7813,1.20661,-0.0064,7.49352,0.94175,13.43587
2025-05-29,0.87405,1.12326,0.01131,7.22096,0.87227,13.53914
2025-05-30,0.85749,1.14733,-0.03552,7.17255,0.86689,13.69235
2025-06-02,0.90114,1.04008,0.52272,7.11948,0.56349,13.65126
2025-06-03,0.79,1.15219,0.54569,7.3107,0.64319,13.76662
2025-06-04,0.81563,1.12976,0.47725,7.34744,0.6653,13.7079
2025-06-05,0.90211,1.03399,0.40156,6.83762,0.63303,13.68409
2025-06-06,0.97167,0.9468,0.41144,6.69678,0.67508,13.44612
2025-06-09,0.91128,1.04406,0.10176,6.82733,0.94146,13.47428
2025-06-10,0.98246,0.97069,0.0033,6.65522,0.95786,13.47628
2025-06-11,0.90565,1.01482,0.14036,6.97668,0.97898,13.64928
2025-06-12,0.89169,1.05409,0.00476,6.89181,1.03752,13.81645
2025-06-13,1.00982,0.88221,0.58803,6.40152,0.55133,13.63316
2025-06-16,0.9733,0.93469,0.40056,6.79523,0.72908,13.59227
2025-06-17,0.99323,0.91792,0.54774,6.66314,0.59836,13.4798
2025-06-18,0.89993,0.99767,0.58415,6.91906,0.68329,13.2741
2025-06-19,0.97326,0.90731,0.62998,6.63635,0.61105,13.53845
2025-06-20,0.9664,0.9266,0.67388,6.66315,0.55999,13.5082
2025-06-23,1.04957,0.68215,1.01328,6.48469,0.45878,13.60931
2025-06-24,0.91949,1.02596,0.40025,7.06432,0.6964,13.89591
2025-06-25,0.9809,0.8084,0.87555,6.77725,0.5037,13.75626
2025-06-26,1.00171,0.70755,0.99064,6.81205,0.45443,13.79962
2025-06-27,0.93528,0.96084,0.50508,7.09307,0.63362,13.80729
2025-06-30,1.00025,0.83899,0.68064,6.87131,0.5342,13.72347
2025-07-01,0.94108,0.93317,0.56929,6.96626,0.59889,13.70654
2025-07-02,1.02293,0.85569,0.46959,6.81843,0.59965,13.60053
2025-07-03,0.95462,0.94778,0.34825,7.04069,0.70411,13.52147
2025-07-04,0.8821,1.05692,0.18213,7.15041,0.79195,13.66613
2025-07-07,0.88944,1.05229,0.21536,7.30256,0.76147,13.64495
2025-07-08,1.109,0.68524,0.77716,6.86081,0.41576,13.72532
2025-07-09,1.05131,0.92282,0.06643,6.9631,0.75726,13.74218
2025-07-10,1.02772,0.94811,0.06729,7.10889,0.77847,13.93341
2025-07-11,1.05298,0.89426,0.00164,7.21241,0.9339,13.90072
2025-07-14,1.06586,0.91995,-0.11727,7.17902,0.88169,13.95687
2025-07-15,1.01922,0.94764,-0.03266,7.20295,0.84488,13.83381
2025-07-16,1.04269,0.93111,-0.0491,7.22481,0.81563,13.82135
2025-07-17,0.97343,0.98662,-0.08567,7.45914,0.90816,13.94486
2025-07-18,3.1808,-1.30457,-6.21892,5.74239,3.52783,4.90359
2025-07-21,3.17481,-1.29645,-6.20476,5.47014,3.4115,4.76951
2025-07-22,3.10466,-1.22309,-6.74576,6.1752,3.53685,4.89549
2025-07-23,3.12163,-1.23873,-6.85835,6.21811,3.5168,4.80385
2025-07-24,3.0594,-1.19616,-8.93442,8.84125,3.93784,4.9975
2025-07-25,3.00515,-1.12123,-9.99965,10.56654,4.3538,5.36237
2025-07-28,2.95646,-1.07286,-10.74744,11.1653,4.32739,5.2661
2025-07-29,3.02026,-1.12666,-11.42767,11.69232,4.2604,5.11157
2025-07-30,2.96832,-1.07424,-12.0302,12.4586,4.43894,5.27092
2025-07-31,2.88172,-0.97713,-13.72868,14.45123,4.67519,5.44797
2025-08-01,2.95396,-1.04468,-14.24108,14.76538,4.49647,5.19674
2025-08-04,3.04519,-1.13596,-14.89168,15.03031,4.29623,4.93622
2025-08-05,2.95174,-1.04719,-15.26243,15.48179,4.45065,5.11736
2025-08-06,2.98295,-1.06864,-15.28835,15.45291,4.39026,5.05687
2025-08-07,2.99962,-1.08826,-15.34309,15.42539,4.38365,5.0205
2025-08-08,2.94556,-1.0367,-15.37045,15.76702,4.59845,5.25662
2025-08-11,2.99652,-1.0853,-15.80134,16.19423,4.60738,5.24821
2025-08-12,3.05495,-1.13489,-16.23627,16.55666,4.59586,5.2078
2025-08-13,3.13402,-1.21464,-16.65135,16.6962,4.38995,4.95694
2025-08-14,3.10102,-1.17008,-17.15812,17.10095,4.38756,4.9449
2025-08-15,3.25053,-1.33224,-17.52822,17.43073,4.33721,4.84741
2025-08-18,3.22773,-1.3095,-18.78046,18.80736,4.38685,4.87295
2025-08-19,3.28376,-1.37959,-18.83208,18.89401,4.47008,4.95103
2025-08-20,3.20734,-1.29382,-19.36933,19.39571,4.44073,4.9313
2025-08-21,3.17497,-1.26687,-19.72488,19.94238,4.61945,5.11635
2025-08-22,3.17959,-1.28243,-20.57528,20.93301,4.75695,5.23479
2025-08-25,3.20452,-1.2918,-20.63203,20.91979,4.73649,5.23861
2025-08-26,3.24505,-1.32336,-20.77096,20.74746,4.49651,4.97253
2025-08-27,3.20805,-1.28926,-21.13873,21.08646,4.52658,4.9902
2025-08-28,3.25412,-1.32467,-22.00369,21.8691,4.53781,4.99054
2025-08-29,3.27053,-1.3367,-22.02536,21.87141,4.54794,5.00024
2025-09-01,3.35087,-1.40156,-22.1611,21.8955,4.41209,4.83267
2025-09-02,3.34276,-1.39973,-22.22803,22.18367,4.55926,5.00944
2025-09-03,3.41091,-1.4529,-22.66829,22.3568,4.39105,4.80427
2025-09-04,3.34794,-1.38725,-22.95857,22.5511,4.3949,4.79214
2025-09-05,3.26649,-1.31123,-24.36264,24.29863,4.65758,5.08924
2025-09-08,3.25059,-1.29787,-24.72388,24.47703,4.59585,5.0139
2025-09-09,3.25042,-1.29681,-24.7257,24.48009,4.58578,4.9987
2025-09-10,3.17821,-1.21705,-25.3061,25.26645,4.80157,5.23755
2025-09-11,3.1145,-1.15404,-25.1882,25.45964,5.03336,5.49205
2025-09-12,2.94575,-0.99332,-26.52754,27.43059,5.42029,5.88866
2025-09-15,3.01224,-1.05566,-26.54907,27.23652,5.29015,5.75954
2025-09-16,3.02603,-1.07362,-26.59794,27.31833,5.3975,5.85002
2025-09-17,3.09143,-1.12888,-26.67151,27.03712,5.04339,5.44795
2025-09-18,3.07486,-1.11126,-27.18185,27.58975,5.04049,5.44189
2025-09-19,3.14661,-1.18658,-27.16724,27.61329,5.01776,5.41578
2025-09-22,3.17368,-1.21213,-27.41259,27.83804,5.04497,5.44471
2025-09-23,3.19196,-1.23901,-27.38929,27.84031,5.08158,5.47791
2025-09-24,3.14353,-1.18312,-27.81898,28.34413,5.10254,5.50685
2025-09-25,3.13759,-1.18693,-27.78723,28.34618,5.10692,5.49807
2025-09-26,3.09698,-1.15343,-27.65612,28.40545,5.21095,5.60682
2025-09-29,3.08056,-1.12736,-28.58849,29.24261,5.21591,5.60913
2025-09-30,3.03137,-1.06736,-28.7324,29.44653,5.27285,5.68125
2025-10-01,3.06052,-1.1037,-28.69164,29.44734,5.2989,5.70573
2025-10-02,2.98716,-1.03132,-28.74696,29.64438,5.4533,5.89245
2025-10-03,3.00189,-1.04009,-28.82316,29.60082,5.34346,5.75646
2025-10-06,3.21509,-1.24397,-28.77001,28.92216,4.82367,5.16462
2025-10-07,3.22132,-1.25287,-28.75355,28.97197,4.87265,5.22336
2025-10-08,3.17246,-1.205,-28.81899,29.03945,4.96131,5.31988
2025-10-09,3.1685,-1.2053,-28.79585,29.0403,4.95404,5.31047
2025-10-10,3.08727,-1.144,-28.59757,29.07993,5.14579,5.52189
2025-10-13,2.98164,-1.0651,-28.85525,29.4741,5.2367,5.6555
2025-10-14,3.03692,-1.11922,-28.88526,29.08299,4.91593,5.29154
2025-10-15,2.98522,-1.05505,-29.05044,29.37833,5.05363,5.4535
2025-10-16,2.87836,-0.94975,-29.11485,29.67828,5.22741,5.67353
2025-10-17,3.07608,-1.14445,-29.13782,28.99622,4.76436,5.13203
2025-10-20,3.01251,-1.09451,-29.20304,29.51009,5.0362,5.43471
2025-10-21,2.93385,-1.02,-29.57045,29.99901,5.12201,5.52782
2025-10-22,2.88273,-0.98726,-29.4369,29.95808,5.20711,5.6219
2025-10-23,2.96213,-1.04767,-29.46479,29.88092,5.1206,5.52282
2025-10-24,2.97817,-1.0571,-29.29231,29.87539,5.31109,5.70613
2025-10-27,2.95507,-1.02826,-29.15061,29.87689,5.38373,5.79916
2025-10-28,2.91002,-0.98932,-29.18099,29.95464,5.45904,5.88144
2025-10-29,2.91431,-0.99905,-29.12119,29.955,5.47818,5.90042
2025-10-30,2.8692,-0.95566,-28.87819,29.95537,5.68071,6.12005
2025-10-31,2.88865,-0.97582,-28.87981,29.89213,5.59868,6.037
2025-11-03,2.92759,-1.00931,-28.88267,29.75071,5.51603,5.95169
2025-11-04,2.96516,-1.0368,-28.89543,29.66455,5.42183,5.85133
2025-11-05,2.97487,-1.04835,-28.89243,29.6646,5.42352,5.84894
2025-11-06,2.98809,-1.05925,-28.87993,29.66348,5.41343,5.83262
2025-11-07,3.00234,-1.07083,-28.85608,29.66366,5.44661,5.87341
2025-11-10,3.02055,-1.09721,-28.8678,29.66385,5.45862,5.8765
2025-11-11,3.0204,-1.08553,-28.8691,29.61103,5.4261,5.84457
2025-11-12,3.00924,-1.07772,-28.81189,29.62241,5.54106,5.96039
2025-11-13,3.01346,-1.0569,-28.84313,29.47544,5.41589,5.8295
2025-11-14,3.23808,-1.26384,-28.91837,29.11536,5.00341,5.34475
2025-11-17,3.21539,-1.24891,-29.03347,29.3387,5.13564,5.48893
2025-11-18,3.21293,-1.24246,-29.03465,29.28233,5.11083,5.47214
2025-11-19,3.28755,-1.31763,-29.00153,29.07336,4.93906,5.27591
2025-11-20,3.31336,-1.34263,-28.99501,29.07563,4.94867,5.28337
2025-11-21,3.31688,-1.34056,-29.02116,28.87764,4.83068,5.16822
2025-11-24,3.24674,-1.27874,-28.73109,28.89934,5.04883,5.40816
2025-11-25,3.18875,-1.22962,-29.57466,29.99891,5.29043,5.67283
2025-11-26,3.18124,-1.22281,-29.57769,29.99435,5.34427,5.73076
2025-11-27,3.08211,-1.13561,-29.16767,29.99999,5.71225,6.14789
2025-11-28,2.98811,-1.04075,-28.86727,29.98417,5.908,6.39113
2025-12-01,3.03212,-1.08328,-28.82273,29.98416,5.89743,6.3774
2025-12-02,3.09407,-1.1401,-28.8521,29.97714,5.85603,6.30712
2025-12-03,3.21318,-1.25918,-28.85957,29.63499,5.60249,6.01324
2025-12-04,3.33302,-1.36127,-29.09614,29.52164,5.40439,5.76164
2025-12-05,3.37817,-1.40998,-29.10954,29.5179,5.37177,5.71184
2025-12-08,3.29778,-1.32788,-29.01957,29.99996,5.83137,6.21329
2025-12-09,3.11651,-1.14381,-28.45212,29.99999,6.2472,6.68001
2025-12-10,3.14593,-1.16005,-28.37971,29.99999,6.38031,6.80347
2025-12-11,3.00173,-1.03763,-27.97736,29.99991,6.8086,7.30322
2025-12-12,3.01872,-1.06128,-27.99741,29.99956,6.8256,7.31136
2025-12-15,3.04078,-1.07659,-28.00579,29.79871,6.53932,7.014
2025-12-16,3.04396,-1.09201,-27.9662,29.79781,6.52465,7.00377
2025-12-17,3.22756,-1.2738,-27.99328,29.26908,6.04106,6.45765
2025-12-18,3.21586,-1.25945,-27.96469,29.26939,6.01899,6.45084
2025-12-19,3.33618,-1.37535,-28.09423,29.27057,5.95697,6.36344
2025-12-22,3.35612,-1.38047,-28.11335,29.27039,5.93641,6.33256
2025-12-23,3.26747,-1.3143,-28.69942,29.99917,6.08529,6.4764
2025-12-29,3.26699,-1.31639,-28.70032,29.95795,6.08394,6.47868
2025-12-30,3.27148,-1.32445,-28.70251,29.87523,5.93075,6.31994
2026-01-02,3.31581,-1.37501,-28.71688,29.87466,5.91431,6.29557
2026-01-05,3.43317,-1.4659,-28.78768,29.63295,5.56126,5.89897
2026-01-06,3.50544,-1.53558,-28.7984,29.25764,5.35774,5.678
2026-01-07,3.40152,-1.4428,-28.78184,29.26111,5.38781,5.71444
2026-01-08,3.34839,-1.39368,-28.81428,29.66577,5.64941,6.02088
2026-01-09,3.27246,-1.31772,-28.90027,30.0,5.91844,6.32523
2026-01-12,3.25157,-1.28385,-28.94304,29.98692,5.78355,6.18837
2026-01-13,3.33362,-1.36418,-29.1045,29.98622,5.75667,6.12544
2026-01-14,3.3312,-1.36113,-29.10574,29.90895,5.68453,6.06136
2026-01-15,3.28599,-1.31076,-29.12573,29.91183,5.69755,6.08348
2026-01-16,3.16386,-1.18716,-28.78214,29.96857,5.99462,6.42427
2026-01-19,3.32491,-1.34779,-28.75124,29.42576,5.50745,5.8937
2026-01-20,3.49216,-1.52614,-29.00136,29.41981,5.24286,5.58027
2026-01-21,3.55809,-1.59245,-29.00903,29.13615,5.07416,5.38588
2026-01-22,3.4197,-1.45189,-28.75925,29.43488,5.59008,5.95582
2026-01-23,3.3512,-1.38608,-28.93272,29.99997,5.92918,6.30635
2026-01-26,3.34363,-1.38362,-28.93351,29.95682,5.89763,6.28165
2026-01-27,3.36417,-1.40353,-28.93479,29.89377,5.85512,6.23116
2026-01-28,3.52528,-1.57085,-28.94851,29.24249,5.30591,5.62074
2026-01-29,3.51501,-1.56155,-29.62543,29.99915,5.40511,5.73169
2026-01-30,3.49554,-1.52776,-29.613,29.9927,5.3805,5.73257
2026-02-02,3.45474,-1.47197,-29.54688,29.99263,5.40878,5.77479
2026-02-03,3.4547,-1.47816,-29.32867,29.99999,5.58926,5.95701
2026-02-04,3.44676,-1.46729,-29.32883,29.99085,5.5673,5.95563
2026-02-05,3.48419,-1.49961,-29.33109,29.8064,5.39278,5.7753
2026-02-06,3.49691,-1.50784,-29.34665,29.56128,5.27148,5.63537
2026-02-09,3.53525,-1.54687,-29.27759,29.56743,5.33561,5.70198
2026-02-10,3.52458,-1.5304,-29.62201,29.83794,5.34366,5.71646
2026-02-11,3.42725,-1.43395,-29.66053,30.0,5.40895,5.80671
2026-02-12,3.4143,-1.42296,-29.63805,30.0,5.44541,5.8263
2026-02-13,3.41775,-1.4258,-29.63866,29.90102,5.39053,5.77375
2026-02-16,3.38583,-1.39234,-29.64715,29.93735,5.39614,5.79188
2026-02-17,3.42691,-1.42619,-29.65057,29.63164,5.19042,5.55584
2026-02-18,3.39746,-1.39126,-29.63635,29.71546,5.24181,5.61596
2026-02-19,3.38641,-1.38414,-29.54707,29.82475,5.46573,5.855
2026-02-20,3.31516,-1.31508,-29.44177,29.80457,5.49765,5.90233
2026-02-23,3.33779,-1.33293,-29.49987,29.8043,5.48345,5.8862
2026-02-24,3.33205,-1.31906,-29.50137,29.66033,5.42141,5.82429
2026-02-25,3.33726,-1.32024,-29.47495,29.72638,5.51629,5.92606
2026-02-26,3.33396,-1.31635,-29.47564,29.65043,5.42484,5.82191
2026-02-27,3.3299,-1.30001,-29.48822,29.54255,5.36867,5.77616
2026-03-02,3.26598,-1.22786,-29.57062,29.70842,5.47174,5.89518
2026-03-03,2.06865,0.00499,-26.25507,29.99965,7.74155,8.74662
2026-03-04,2.17533,-0.10341,-26.29639,29.74888,7.8298,8.82833
2026-03-05,2.19555,-0.11676,-26.55843,30.0,7.63084,8.58784
2026-03-06,1.43774,0.68092,-24.74379,29.99676,8.77247,10.03558
2026-03-09,0.42401,1.77163,-22.54671,29.99892,10.81045,12.61435
2026-03-10,0.63427,1.46535,-22.98459,29.99992,9.21697,10.92657
2026-03-11,0.28309,1.87971,-22.15284,29.99993,9.92508,11.8584
2026-03-12,0.0,2.19083,-21.47849,29.99917,10.27902,12.36607
2026-03-13,5e-05,2.20666,-21.42779,29.99917,10.25867,12.37123
2026-03-16,3e-05,2.19736,-21.38597,29.99919,10.45129,12.54261
2026-03-17,7e-05,2.19256,-21.39897,29.91649,10.39858,12.52476
2026-03-18,1e-05,2.20447,-21.65052,29.92972,9.97927,12.06976
2026-03-19,3.88649,-2.02868,13.92601,-15.47969,1.4232,1.65532
2026-03-20,3.87741,-2.29628,-0.01106,-3.42598,0.36175,2.31512
2026-03-23,3.89189,-2.54809,0.00847,-3.20462,0.2998,2.30889
2026-03-24,3.86961,-2.24789,0.00801,-3.41282,0.36679,2.20169
2026-03-25,3.79368,-1.94222,5.1521,-6.50189,1.15932,1.76432
2026-03-26,3.80068,-1.90439,10.26983,-11.32956,1.29191,1.60003
2026-03-27,3.85378,-2.00117,13.16918,-13.94977,1.25383,1.49486
2026-03-30,3.87087,-2.0392,13.00632,-14.01593,1.24635,1.49518
2026-03-31,3.8117,-1.97459,3.98374,-5.44403,1.02463,1.72724
2026-04-01,3.75728,-1.82053,14.32721,-15.60838,1.34438,1.55857
2026-04-02,3.84029,-1.93197,15.25691,-16.42973,1.31301,1.5256
2026-04-07,3.82859,-1.93123,2.56099,-4.32281,0.9499,1.96631
2026-04-08,3.85031,-1.91463,14.85255,-16.52115,1.44224,1.66607
2026-04-09,3.86869,-1.94145,15.38337,-16.8595,1.38251,1.59294
2026-04-10,3.98016,-2.16425,0.0064,-3.66351,0.48203,2.24085
2026-04-13,3.97495,-2.02044,7.59103,-9.2551,1.28729,1.69746
2026-04-14,3.98203,-2.03011,7.67246,-9.40432,1.31871,1.72367
2026-04-15,3.98541,-2.07608,7.57452,-9.42525,1.31252,1.72203
2026-04-16,4.00948,-2.05286,12.87145,-14.76462,1.45291,1.69572
2026-04-17,4.01523,-2.0592,17.51758,-19.37797,1.48225,1.66557
2026-04-20,3.98613,-2.00074,17.95097,-19.95995,1.52004,1.68922
2026-04-21,3.95202,-1.98408,18.77329,-20.67944,1.53205,1.69767
2026-04-22,3.96132,-1.98985,19.27381,-21.03693,1.49529,1.6632
2026-04-23,3.94077,-1.97581,19.33983,-20.87046,1.47633,1.64255
2026-04-24,3.9645,-2.12532,0.21226,-3.51787,0.53795,2.31109
2026-04-27,3.95468,-1.99073,13.18647,-14.90851,1.4509,1.69206
2026-04-28,3.97709,-2.02622,13.81097,-15.32875,1.41507,1.65505
2026-04-29,3.95849,-1.99434,14.10791,-15.4318,1.38867,1.62855
2026-04-30,3.9661,-1.99154,5.2065,-6.6934,1.189,1.78464
2026-05-04,3.93226,-2.01226,2.96663,-4.77241,1.02498,1.95567
2026-05-05,3.95517,-2.01296,12.25362,-13.57224,1.36508,1.64947
2026-05-06,3.91887,-1.9469,13.17371,-14.77557,1.40867,1.66036
2026-05-07,3.93372,-1.93721,14.30396,-16.00244,1.46119,1.68679
2026-05-08,3.94137,-1.94794,14.54726,-16.19847,1.44776,1.67626
2026-05-11,3.94667,-1.96822,14.63762,-16.14258,1.42629,1.66073
2026-05-12,4.00433,-2.04848,14.70709,-16.05106,1.39979,1.64317
2026-05-13,4.01377,-2.06153,4.30837,-6.03221,1.189,1.89695
2026-05-14,4.00827,-2.03017,12.19671,-13.65421,1.41321,1.69583
2026-05-15,4.02343,-2.0389,13.26507,-14.64632,1.41386,1.67397
2026-05-18,4.06891,-2.09801,15.3705,-16.70088,1.40805,1.62756
2026-05-19,4.08213,-2.09909,17.70144,-19.12491,1.45464,1.64637
2026-05-20,4.07117,-2.09934,19.85043,-21.20645,1.4502,1.61805
2026-05-21,4.00684,-1.99028,20.18096,-21.68738,1.52502,1.68568
2026-05-22,3.97465,-1.95915,21.22155,-22.67451,1.50768,1.66533
2026-05-25,3.91181,-1.86202,21.42937,-23.15966,1.58719,1.73955
2026-05-26,3.91811,-1.84522,22.58102,-24.2522,1.5625,1.70765
2026-05-27,3.91666,-1.832,23.32912,-25.10411,1.57203,1.71233
2026-05-28,3.94028,-1.85994,24.15643,-25.80582,1.53498,1.67324
2026-05-29,3.92989,-1.82507,24.73485,-26.58067,1.60343,1.7345
2026-06-01,3.93857,-1.8327,25.09107,-26.80828,1.57318,1.70569
2026-06-02,3.91304,-1.80088,25.31657,-27.0444,1.55743,1.69232
2026-06-03,3.95708,-1.8603,25.65919,-27.20103,1.53389,1.6734
2026-06-04,3.97631,-1.87639,26.10034,-27.65479,1.52249,1.65713
2026-06-05,3.9692,-1.85639,26.46886,-28.08355,1.53218,1.66234
2026-06-08,3.98098,-1.89947,26.60853,-27.9842,1.4943,1.62912
2026-06-09,4.00247,-1.86832,27.15123,-28.77686,1.54932,1.67742
2026-06-10,4.00294,-1.87615,27.2386,-28.80567,1.5462,1.676
2026-06-11,4.00138,-1.8516,27.41369,-28.97315,1.53144,1.65828
2026-06-12,3.94337,-1.78053,27.2288,-29.01418,1.57443,1.69688
2026-06-15,3.95427,-1.76591,27.31839,-29.31526,1.62165,1.7406
2026-06-16,3.93543,-1.71454,27.63534,-29.65157,1.65135,1.76905
2026-06-17,3.91895,-1.70592,27.75245,-29.70563,1.65066,1.76961
2026-06-18,3.88057,-1.69841,28.02895,-29.71516,1.63792,1.75839
2026-06-19,3.928,-1.73804,28.24702,-29.97922,1.62576,1.74644
2026-06-22,3.9446,-1.74686,28.23216,-29.99566,1.6429,1.7637
2026-06-23,3.9256,-1.70793,28.05021,-29.99585,1.67901,1.79566
2026-06-24,3.87844,-1.66846,28.09599,-29.98288,1.66697,1.78336
2026-06-25,3.83412,-1.61535,28.08816,-29.98286,1.68875,1.8029
2026-06-26,3.84049,-1.6072,27.94621,-29.96199,1.72461,1.83667
2026-06-29,3.84884,-1.62992,27.94326,-29.91916,1.70414,1.81988
2026-06-30,3.84998,-1.6167,27.87446,-29.91843,1.73593,1.85104
2026-07-01,3.8938,-1.66511,27.86593,-29.9218,1.74238,1.85465
2026-07-02,3.93982,-1.70836,27.84339,-29.92138,1.76544,1.87527
2026-07-03,3.96205,-1.72746,27.84043,-29.94313,1.79396,1.90095
2026-07-06,3.96921,-1.73504,27.80913,-29.94316,1.78613,1.89369
2026-07-07,4.01125,-1.7812,27.8494,-29.87955,1.76173,1.87233
2026-07-08,4.06046,-1.81301,28.17918,-30.0,1.68023,1.79407
2026-07-09,4.08024,-1.82063,28.12414,-29.9893,1.70393,1.81728
2026-07-10,4.06536,-1.79232,27.84687,-29.79076,1.74458,1.85966
2026-07-13,4.05033,-1.80058,28.17151,-29.9878,1.68541,1.80215
2026-07-14,4.04448,-1.76268,28.17513,-29.74573,1.67578,1.79639
2026-07-15,4.07272,-1.84207,28.13028,-29.75295,1.66322,1.78583
2026-07-16,4.08567,-1.85085,28.1318,-29.75107,1.65154,1.77241
2026-07-17,4.05873,-1.83325,28.18632,-29.71723,1.6331,1.75705
2026-07-20,4.04715,-1.8266,28.26287,-29.71968,1.61503,1.73804
2026-07-21,4.07923,-1.85175,28.25372,-29.77902,1.64845,1.77006
2026-07-22,4.07076,-1.86503,28.31254,-29.68291,1.62802,1.75078
