date,tenor_yrs,yield_pct
2020-07-23,0.07671232876712329,4.977520176684669
2020-07-23,0.2493150684931507,4.809173487894469
2020-07-23,0.4986301369863014,4.718419832358545
2020-07-23,0.9972602739726028,4.664182356706781
2020-07-23,3.0,4.6835922499999905
2020-07-30,0.07671232876712329,4.797395589917186
2020-07-30,0.2493150684931507,4.683197135206285
2020-07-30,0.4986301369863014,4.708044105149001
2020-07-30,0.9972602739726028,4.60334147355983
2020-07-30,30.0,6.946622249999979
2020-08-06,0.07671232876712329,4.691573292489126
2020-08-06,0.2493150684931507,4.6936908208811134
2020-08-06,0.4986301369863014,4.697668893397977
2020-08-06,0.9972602739726028,4.5627809386533436
2020-08-06,5.0,4.908806250000031
2020-08-13,0.07671232876712329,4.638699149399095
2020-08-13,0.2493150684931507,4.63074054995698
2020-08-13,0.4986301369863014,4.62505684396648
2020-08-13,0.9972602739726028,4.50194021712238
2020-08-13,10.0,5.853232250000007
2020-08-20,0.07671232876712329,4.585849662661046
2020-08-20,0.2493150684931507,4.588789491126333
2020-08-20,0.4986301369863014,4.562838047292828
2020-08-20,0.9972602739726028,4.552640811661357
2020-08-20,3.0,4.724522249999996
2020-08-27,0.07671232876712329,4.659845847282451
2020-08-27,0.2493150684931507,4.620251601254255
2020-08-27,0.4986301369863014,4.614685755878289
2020-08-27,0.9972602739726028,4.542500687363771
2020-08-27,20.0,6.770889000000024
2020-09-03,0.07671232876712329,4.575282723148066
2020-09-03,0.2493150684931507,4.620251601254255
2020-09-03,0.4986301369863014,4.573206558096321
2020-09-03,0.9972602739726028,4.522220446852776
2020-09-03,5.0,4.929292250000028
2020-09-10,0.07671232876712329,4.564716769382815
2020-09-10,0.2493150684931507,4.5573344841354
2020-09-10,0.4986301369863014,4.573206558096321
2020-09-10,0.9972602739726028,4.5627809386533436
2020-09-10,30.0,7.1018009999999965
2020-09-17,0.07671232876712329,4.6069864992689835
2020-09-17,0.2493150684931507,4.5468510600949585
2020-09-17,0.4986301369863014,4.542102572055295
2020-09-17,0.9972602739726028,4.522220446852776
2020-09-17,3.0,4.61198399999998
2020-09-24,0.07671232876712329,4.3957955020888395
2020-09-24,0.2493150684931507,4.452535747514741
2020-09-24,0.4986301369863014,4.459181289343772
2020-09-24,0.9972602739726028,4.420819406048926
2020-09-24,10.0,5.760655999999997
2020-10-01,0.07671232876712329,4.321971705393057
2020-10-01,0.2493150684931507,4.400165958750257
2020-10-01,0.4986301369863014,4.407372239945162
2020-10-01,0.9972602739726028,4.420819406048926
2020-10-01,5.0,5.288121000000001
2020-10-08,0.07671232876712329,4.406345695348279
2020-10-08,0.2493150684931507,4.410638339297557
2020-10-08,0.4986301369863014,4.428094313340369
2020-10-08,0.9972602739726028,4.430959497993681
2020-10-08,20.0,7.143200999999988
2020-10-15,0.07671232876712329,4.364150827867119
2020-10-15,0.2493150684931507,4.400165958750257
2020-10-15,0.4986301369863014,4.438456123219936
2020-10-15,0.9972602739726028,4.441099592635922
2020-10-15,3.0,4.530175999999986
2020-10-22,0.07671232876712329,4.279808322538803
2020-10-22,0.2493150684931507,4.389694366726449
2020-10-22,0.4986301369863014,4.397011976429255
2020-10-22,0.9972602739726028,4.4106793168019465
2020-10-22,30.0,7.277806249999985
2020-10-29,0.07671232876712329,4.364150827867119
2020-10-29,0.2493150684931507,4.421111508408004
2020-10-29,0.4986301369863014,4.397011976429255
2020-10-29,0.9972602739726028,4.451239689975428
2020-10-29,5.0,5.318906250000022
2020-11-05,0.07671232876712329,4.3957955020888395
2020-11-05,0.2493150684931507,4.431585466121168
2020-11-05,0.4986301369863014,4.500637807054053
2020-11-05,0.9972602739726028,4.4106793168019465
2020-11-05,3.0,4.663130250000003
2020-11-12,0.07671232876712329,4.279808322538803
2020-11-12,0.2493150684931507,4.326881371356639
2020-11-12,0.4986301369863014,4.365934278606742
2020-11-12,0.9972602739726028,4.339698767632294
2020-11-12,10.0,6.162112250000029
2020-11-19,0.07671232876712329,4.385246293145206
2020-11-19,0.2493150684931507,4.483967085117535
2020-11-19,0.4986301369863014,4.500637807054053
2020-11-19,0.9972602739726028,4.5627809386533436
2020-11-19,20.0,6.967306249999972
2020-11-26,0.07671232876712329,4.4274490351506435
2020-11-26,0.2493150684931507,4.452535747514741
2020-11-26,0.4986301369863014,4.428094313340369
2020-11-26,0.9972602739726028,4.370118986796845
2020-11-26,5.0,5.124009000000029
2020-12-03,0.07671232876712329,4.501341742778875
2020-12-03,0.2493150684931507,4.473489183795354
2020-12-03,0.4986301369863014,4.500637807054053
2020-12-03,0.9972602739726028,4.481659998174736
2020-12-03,30.0,6.977648999999997
2020-12-10,0.07671232876712329,4.406345695348279
2020-12-10,0.2493150684931507,4.421111508408004
2020-12-10,0.4986301369863014,4.407372239945162
2020-12-10,0.9972602739726028,4.420819406048926
2020-12-10,3.0,4.448399999999997
2020-12-17,0.07671232876712329,4.374698068432603
2020-12-17,0.2493150684931507,4.410638339297557
2020-12-17,0.4986301369863014,4.4177330189154596
2020-12-17,0.9972602739726028,4.390399146402313
2020-12-17,10.0,5.750372250000013
2020-12-24,0.07671232876712329,4.416896873007481
2020-12-24,0.2493150684931507,4.410638339297557
2020-12-24,0.4986301369863014,4.365934278606742
2020-12-24,0.9972602739726028,4.268718350755241
2020-12-24,5.0,4.785932249999991
2020-12-31,0.07671232876712329,4.385246293145206
2020-12-31,0.2493150684931507,4.421111508408004
2020-12-31,0.4986301369863014,4.448818448554381
2020-12-31,0.9972602739726028,4.349838837987652
2020-12-31,20.0,6.35796900000003
2021-01-07,0.07671232876712329,4.4274490351506435
2021-01-07,0.2493150684931507,4.410638339297557
2021-01-07,0.4986301369863014,4.355576076907108
2021-01-07,0.9972602739726028,4.288998456358506
2021-01-07,3.0,4.356440249999993
2021-01-14,0.07671232876712329,4.332515010211879
2021-01-14,0.2493150684931507,4.326881371356639
2021-01-14,0.4986301369863014,4.283083097706308
2021-01-14,0.9972602739726028,4.2585783020059775
2021-01-14,30.0,6.884582249999993
2021-01-21,0.07671232876712329,4.332515010211879
2021-01-21,0.2493150684931507,4.316415297887022
2021-01-21,0.4986301369863014,4.283083097706308
2021-01-21,0.9972602739726028,4.2585783020059775
2021-01-21,5.0,4.806406249999995
2021-01-28,0.07671232876712329,4.364150827867119
2021-01-28,0.2493150684931507,4.316415297887022
2021-01-28,0.4986301369863014,4.303792800212158
2021-01-28,0.9972602739726028,4.278858402206165
2021-01-28,10.0,5.688680249999978
2021-02-04,0.07671232876712329,4.385246293145206
2021-02-04,0.2493150684931507,4.337348233072169
2021-02-04,0.4986301369863014,4.334861219868946
2021-02-04,0.9972602739726028,4.309278572766395
2021-02-04,3.0,4.162435999999992
2021-02-11,0.07671232876712329,4.332515010211879
2021-02-11,0.2493150684931507,4.347815883073203
2021-02-11,0.4986301369863014,4.303792800212158
2021-02-11,0.9972602739726028,4.268718350755241
2021-02-11,20.0,6.554006249999977
2021-02-18,0.07671232876712329,4.142885964933418
2021-02-18,0.2493150684931507,4.1386126121169875
2021-02-18,0.4986301369863014,4.107133871910995
2021-02-18,0.9972602739726028,4.096337889659329
2021-02-18,5.0,4.908806250000031
2021-02-25,0.07671232876712329,4.153412557847558
2021-02-25,0.2493150684931507,4.149065291471032
2021-02-25,0.4986301369863014,4.158868180662134
2021-02-25,0.9972602739726028,4.136897927840888
2021-03-04,0.07671232876712329,4.195528754149147
2021-03-04,0.2493150684931507,4.149065291471032
2021-03-04,0.4986301369863014,4.189914951324436
2021-03-04,0.9972602739726028,4.238298212613545
2021-03-04,3.0,4.233890250000005
2021-03-11,0.07671232876712329,4.1849982312087475
2021-03-11,0.2493150684931507,4.169973012934802
2021-03-11,0.4986301369863014,4.252022409842704
2021-03-11,0.9972602739726028,4.339698767632294
2021-03-11,10.0,6.34765625
2021-03-18,0.07671232876712329,4.1849982312087475
2021-03-18,0.2493150684931507,4.190883885003971
2021-03-18,0.4986301369863014,4.283083097706308
2021-03-18,0.9972602739726028,4.50194021712238
2021-03-18,5.0,5.575625000000017
2021-03-25,0.07671232876712329,4.163940133142163
2021-03-25,0.2493150684931507,4.180428055123908
2021-03-25,0.4986301369863014,4.324504564530107
2021-03-25,0.9972602739726028,4.512080330639856
2021-03-25,20.0,7.485056250000022
2021-03-31,0.07671232876712329,4.216592748263959
2021-03-31,0.2493150684931507,4.28502180655741
2021-03-31,0.4986301369863014,4.438456123219936
2021-03-31,0.9972602739726028,4.765584043912674
2021-03-31,3.0,4.96002499999999
2021-04-08,0.07671232876712329,4.206060259806277
2021-04-08,0.2493150684931507,4.243174851155773
2021-04-08,0.4986301369863014,4.448818448554381
2021-04-08,0.9972602739726028,4.714883166681871
2021-04-08,30.0,7.900156250000023
2021-04-15,0.07671232876712329,4.206060259806277
2021-04-15,0.2493150684931507,4.2745588856750505
2021-04-15,0.4986301369863014,4.4177330189154596
2021-04-15,0.9972602739726028,4.654042202785291
2021-04-15,5.0,5.832656250000001
2021-04-22,0.07671232876712329,4.195528754149147
2021-04-22,0.2493150684931507,4.232715082226379
2021-04-22,0.4986301369863014,4.448818448554381
2021-04-22,0.9972602739726028,4.694602834619355
2021-04-22,10.0,6.79155600000001
2021-04-29,0.07671232876712329,4.195528754149147
2021-04-29,0.2493150684931507,4.2745588856750505
2021-04-29,0.4986301369863014,4.4799085172881
2021-04-29,0.9972602739726028,4.7453036849517405
2021-04-29,3.0,5.575625000000017
2021-05-06,0.07671232876712329,4.206060259806277
2021-05-06,0.2493150684931507,4.264096752840407
2021-05-06,0.4986301369863014,4.4799085172881
2021-05-06,0.9972602739726028,4.816284988366815
2021-05-06,20.0,7.837840250000028
2021-05-13,0.07671232876712329,4.195528754149147
2021-05-13,0.2493150684931507,4.295485515527098
2021-05-13,0.4986301369863014,4.5110032251205245
2021-05-13,0.9972602739726028,4.735163509505336
2021-05-13,5.0,6.110601000000004
2021-05-20,0.07671232876712329,4.1849982312087475
2021-05-20,0.2493150684931507,4.253635408013845
2021-05-20,0.4986301369863014,4.573206558096321
2021-05-20,0.9972602739726028,4.887266423476233
2021-05-20,30.0,7.900156250000023
2021-05-27,0.07671232876712329,4.206060259806277
2021-05-27,0.2493150684931507,4.305950012623683
2021-05-27,0.4986301369863014,4.614685755878289
2021-05-27,0.9972602739726028,4.937967529134468
2021-05-27,3.0,5.842943999999983
2021-06-03,0.07671232876712329,4.153412557847558
2021-06-03,0.2493150684931507,4.264096752840407
2021-06-03,0.4986301369863014,4.5524700519459005
2021-06-03,0.9972602739726028,4.846705587293032
2021-06-03,10.0,6.64692899999999
2021-06-10,0.07671232876712329,4.174468690901012
2021-06-10,0.2493150684931507,4.243174851155773
2021-06-10,0.4986301369863014,4.459181289343772
2021-06-10,0.9972602739726028,4.816284988366815
2021-06-10,5.0,6.028209000000007
2021-06-17,0.07671232876712329,4.132360354315656
2021-06-17,0.2493150684931507,4.2013405026146255
2021-06-17,0.4986301369863014,4.46954464558833
2021-06-17,0.9972602739726028,4.735163509505336
2021-06-17,20.0,7.50579225000001
2021-06-24,0.07671232876712329,4.163940133142163
2021-06-24,0.2493150684931507,4.264096752840407
2021-06-24,0.4986301369863014,4.6665463508943406
2021-06-24,0.9972602739726028,5.0697907178566926
2021-06-24,3.0,6.089999999999995
2021-07-01,0.07671232876712329,4.448556313225471
2021-07-01,0.2493150684931507,4.536368425133186
2021-07-01,0.4986301369863014,4.94681624224782
2021-07-01,0.9972602739726028,5.556526412478946
2021-07-01,30.0,7.588756249999995
2021-07-08,0.07671232876712329,4.448556313225471
2021-07-08,0.2493150684931507,4.672704239126091
2021-07-08,0.4986301369863014,5.1546658360223985
2021-07-08,0.9972602739726028,5.424701553496125
2021-07-08,5.0,6.615950250000013
2021-07-15,0.07671232876712329,4.448556313225471
2021-07-15,0.2493150684931507,4.735673460319556
2021-07-15,0.4986301369863014,5.269070999223446
2021-07-15,0.9972602739726028,5.576807200062217
2021-07-15,10.0,7.019025000000001
2021-07-22,0.07671232876712329,4.480224616073714
2021-07-22,0.2493150684931507,4.882712228939501
2021-07-22,0.4986301369863014,5.1234752526389205
2021-07-22,0.9972602739726028,5.505824490230893
2021-07-22,3.0,6.265172250000006
2021-07-29,0.07671232876712329,4.501341742778875
2021-07-29,0.2493150684931507,4.977318945866793
2021-07-29,0.4986301369863014,5.248265421270792
2021-07-29,0.9972602739726028,5.617368807247347
2021-07-29,20.0,7.817072250000012
2021-08-05,0.07671232876712329,4.480224616073714
2021-08-05,0.2493150684931507,4.998351357486852
2021-08-05,0.4986301369863014,5.237863405493148
2021-08-05,0.9972602739726028,5.556526412478946
2021-08-05,5.0,6.564328999999991
2021-08-12,0.07671232876712329,4.659845847282451
2021-08-12,0.2493150684931507,5.0088687494552975
2021-08-12,0.4986301369863014,5.289878639040224
2021-08-12,0.9972602739726028,5.597087998319039
2021-08-12,30.0,7.941710250000011
2021-08-19,0.07671232876712329,4.659845847282451
2021-08-19,0.2493150684931507,5.0088687494552975
2021-08-19,0.4986301369863014,5.279474561398723
2021-08-19,0.9972602739726028,5.536245635571269
2021-08-19,3.0,6.285790250000001
2021-08-26,0.07671232876712329,4.649272005171556
2021-08-26,0.2493150684931507,4.977318945866793
2021-08-26,0.4986301369863014,5.237863405493148
2021-08-26,0.9972602739726028,5.475403368922049
2021-08-26,10.0,7.1018009999999965
2021-09-02,0.07671232876712329,4.5435878187591205
2021-09-02,0.2493150684931507,4.91424068668096
2021-09-02,0.4986301369863014,5.185861058586405
2021-09-02,0.9972602739726028,5.424701553496125
2021-09-02,5.0,6.605624999999993
2021-09-09,0.07671232876712329,4.649272005171556
2021-09-09,0.2493150684931507,4.956289697070848
2021-09-09,0.4986301369863014,5.269070999223446
2021-09-09,0.9972602739726028,5.576807200062217
2021-09-09,20.0,7.661376000000009
2021-09-15,0.07671232876712329,4.76563853556855
2021-09-15,0.2493150684931507,4.987834756303888
2021-09-15,0.4986301369863014,5.279474561398723
2021-09-15,0.9972602739726028,5.526105251121383
2021-09-15,3.0,6.316720999999981
2021-09-23,0.07671232876712329,4.744472102478126
2021-09-23,0.2493150684931507,5.061467572469458
2021-09-23,0.4986301369863014,5.331500104270637
2021-09-23,0.9972602739726028,5.576807200062217
2021-09-23,30.0,7.93132099999998
2021-09-30,0.07671232876712329,4.860936363939916
2021-09-30,0.2493150684931507,5.303676944734881
2021-09-30,0.4986301369863014,5.570983582082323
2021-09-30,0.9972602739726028,5.830317944774355
2021-09-30,5.0,7.236380249999996
2021-10-07,0.07671232876712329,4.988124637166647
2021-10-07,0.2493150684931507,5.324758420764786
2021-10-07,0.4986301369863014,5.696039732157776
2021-10-07,0.9972602739726028,6.175095226837346
2021-10-07,10.0,7.754780249999982
2021-10-14,0.07671232876712329,4.966916705159652
2021-10-14,0.2493150684931507,5.409116008745829
2021-10-14,0.4986301369863014,5.758595642654818
2021-10-14,0.9972602739726028,6.175095226837346
2021-10-14,3.0,6.79155600000001
2021-10-21,0.07671232876712329,5.00933652533937
2021-10-21,0.2493150684931507,5.4618652508303445
2021-10-21,0.4986301369863014,5.915066605895003
2021-10-21,0.9972602739726028,6.42860989170233
2021-10-21,20.0,7.993663999999989
2021-10-28,0.07671232876712329,5.115455332381225
2021-10-28,0.2493150684931507,5.630795995670246
2021-10-28,0.4986301369863014,5.96724936735209
2021-10-28,0.9972602739726028,6.459031762743561
2021-10-28,5.0,7.568012250000011
2021-11-04,0.07671232876712329,5.189797400661211
2021-11-04,0.2493150684931507,5.704767037120795
2021-11-04,0.4986301369863014,6.280616561270391
2021-11-04,0.9972602739726028,6.59086014572694
2021-11-04,30.0,8.139201000000007
2021-11-11,0.07671232876712329,5.338627191783463
2021-11-11,0.2493150684931507,5.7153375022320985
2021-11-11,0.4986301369863014,6.176109282195896
2021-11-11,0.9972602739726028,6.631422814998644
2021-11-11,3.0,7.174256250000011
2021-11-18,0.07671232876712329,5.189797400661211
2021-11-18,0.2493150684931507,5.556863819551094
2021-11-18,0.4986301369863014,5.915066605895003
2021-11-18,0.9972602739726028,6.357625618601226
2021-11-18,10.0,7.682129000000004
2021-11-25,0.07671232876712329,5.242928595800089
2021-11-25,0.2493150684931507,5.641360907477799
2021-11-25,0.4986301369863014,5.935938164052845
2021-11-25,0.9972602739726028,6.6821262110345
2021-11-25,5.0,7.744400000000007
2021-12-02,0.07671232876712329,5.296084567770132
2021-12-02,0.2493150684931507,5.694197365457843
2021-12-02,0.4986301369863014,6.029885691789216
2021-12-02,0.9972602739726028,6.651704165488304
2021-12-02,20.0,8.118404000000012
2021-12-09,0.07671232876712329,5.402470884583188
2021-12-09,0.2493150684931507,5.736480812959388
2021-12-09,0.4986301369863014,5.96724936735209
2021-12-09,0.9972602739726028,6.570578826948914
2021-12-09,3.0,7.319240249999992
2021-12-16,0.07671232876712329,5.402470884583188
2021-12-16,0.2493150684931507,5.7153375022320985
2021-12-16,0.4986301369863014,6.019445015693314
2021-12-16,0.9972602739726028,6.59086014572694
2021-12-16,30.0,8.087212249999997
2021-12-23,0.07671232876712329,5.668871013234811
2021-12-23,0.2493150684931507,5.9586772830743095
2021-12-23,0.4986301369863014,6.343345671723966
2021-12-23,0.9972602739726028,6.9964887388673125
2021-12-23,5.0,7.47468899999999
2021-12-30,0.07671232876712329,5.711552678464105
2021-12-30,0.2493150684931507,6.085803962814462
2021-12-30,0.4986301369863014,6.4897857634192535
2021-12-30,0.9972602739726028,7.04719260956812
2021-12-30,10.0,7.713262249999997
2022-01-06,0.07671232876712329,5.732899479586395
2022-01-06,0.2493150684931507,6.20243730336667
2022-01-06,0.4986301369863014,6.59444768677131
2022-01-06,0.9972602739726028,7.128318939536982
2022-01-06,3.0,7.754780249999982
2022-01-13,0.07671232876712329,5.7435743725716915
2022-01-13,0.2493150684931507,6.1918302966078365
2022-01-13,0.4986301369863014,6.59444768677131
2022-01-13,0.9972602739726028,7.128318939536982
2022-01-13,20.0,8.357690250000015
2022-01-20,0.07671232876712329,5.796963765145957
2022-01-20,0.2493150684931507,6.297936158339734
2022-01-20,0.4986301369863014,6.63632688964797
2022-01-20,0.9972602739726028,7.04719260956812
2022-01-20,5.0,7.837840250000028
2022-01-27,0.07671232876712329,5.722225581578777
2022-01-27,0.2493150684931507,6.234263095717663
2022-01-27,0.4986301369863014,6.63632688964797
2022-01-27,0.9972602739726028,7.016770279249851
2022-01-27,30.0,8.201604000000007
2022-02-03,0.07671232876712329,6.08569680568003
2022-02-03,0.2493150684931507,6.382878134606806
2022-02-03,0.4986301369863014,6.688687491640621
2022-02-03,0.9972602739726028,7.0573333916050585
2022-02-03,10.0,7.827455999999988
2022-02-10,0.07671232876712329,5.989371720842374
2022-02-10,0.2493150684931507,6.340400779776978
2022-02-10,0.4986301369863014,6.75153722503663
2022-02-10,0.9972602739726028,7.097896546067228
2022-02-10,3.0,7.713262249999997
2022-02-17,0.07671232876712329,6.203537227846478
2022-02-17,0.2493150684931507,6.574183875448436
2022-02-17,0.4986301369863014,7.013610865266662
2022-02-17,0.9972602739726028,7.473107718159233
2022-02-17,20.0,8.253620250000026
2022-02-24,0.07671232876712329,6.192819470271127
2022-02-24,0.2493150684931507,6.531649188793698
2022-02-24,0.4986301369863014,7.066064254936655
2022-02-24,0.9972602739726028,7.422403295713664
2022-02-24,5.0,7.910543999999997
2022-03-03,0.07671232876712329,6.3214984958743115
2022-03-03,0.2493150684931507,6.691220000307552
2022-03-03,0.4986301369863014,7.171009696039188
2022-03-03,0.9972602739726028,7.55423493038041
2022-03-03,30.0,8.513889000000008
2022-03-10,0.07671232876712329,6.418102225362321
2022-03-10,0.2493150684931507,6.744450121781886
2022-03-10,0.4986301369863014,7.507181518415229
2022-03-10,0.9972602739726028,8.16269435734589
2022-03-10,10.0,8.784899999999984
2022-03-17,0.07671232876712329,6.611552852126512
2022-03-17,0.2493150684931507,7.021568198685779
2022-03-17,0.4986301369863014,7.465131172949513
2022-03-17,0.9972602739726028,8.213399733620808
2022-03-17,3.0,8.565980249999994
2022-03-24,0.07671232876712329,6.7837814860832735
2022-03-24,0.2493150684931507,6.968234367050252
2022-03-24,0.4986301369863014,7.685987502741387
2022-03-24,0.9972602739726028,8.416221889348074
2022-03-24,20.0,8.743183999999982
2022-03-31,0.07671232876712329,6.8161029396610395
2022-03-31,0.2493150684931507,7.224418834017388
2022-03-31,0.4986301369863014,7.707033295347987
2022-03-31,0.9972602739726028,8.406080756856271
2022-03-31,5.0,8.764040999999988
2022-04-07,0.07671232876712329,6.8161029396610395
2022-04-07,0.2493150684931507,7.395464171706023
2022-04-07,0.4986301369863014,7.812293188305031
2022-04-07,0.9972602739726028,8.517633357164446
2022-04-07,30.0,8.77447025
2022-04-13,0.07671232876712329,6.8161029396610395
2022-04-13,0.2493150684931507,7.3847678414021845
2022-04-13,0.4986301369863014,7.959743642432926
2022-04-13,0.9972602739726028,8.639327461255997
2022-04-13,10.0,9.056248999999994
2022-04-21,0.07671232876712329,6.794554300484856
2022-04-21,0.2493150684931507,7.50247146957006
2022-04-21,0.4986301369863014,8.001890901656129
2022-04-21,0.9972602739726028,8.62918627164464
2022-04-21,3.0,9.098024999999987
2022-04-28,0.07671232876712329,6.988636629172307
2022-04-28,0.2493150684931507,7.577424186736792
2022-04-28,0.4986301369863014,8.138926457173113
2022-04-28,0.9972602739726028,8.913140560343846
2022-04-28,20.0,9.317480249999988
2022-05-05,0.07671232876712329,7.172235577207919
2022-05-05,0.2493150684931507,7.78106503057352
2022-05-05,0.4986301369863014,8.23384826125675
2022-05-05,0.9972602739726028,9.034835876708303
2022-05-05,5.0,9.327936000000015
2022-05-12,0.07671232876712329,7.302009929017461
2022-05-12,0.2493150684931507,7.78106503057352
2022-05-12,0.4986301369863014,8.191655637728545
2022-05-12,0.9972602739726028,8.832010556375502
2022-05-12,30.0,9.505760250000028
2022-05-19,0.07671232876712329,7.258735699657959
2022-05-19,0.2493150684931507,7.78106503057352
2022-05-19,0.4986301369863014,8.360475620381225
2022-05-19,0.9972602739726028,8.984129449642309
2022-05-19,10.0,9.066692249999985
2022-05-26,0.07671232876712329,7.2262906027017015
2022-05-26,0.2493150684931507,7.877627420421884
2022-05-26,0.4986301369863014,8.423817137301647
2022-05-26,0.9972602739726028,8.994270729885656
2022-05-26,3.0,9.035364000000001
2022-06-02,0.07671232876712329,7.345300277804245
2022-06-02,0.2493150684931507,8.027964648220088
2022-06-02,0.4986301369863014,8.645658593160398
2022-06-02,0.9972602739726028,9.19709687732022
2022-06-02,20.0,9.004040249999989
2022-06-09,0.07671232876712329,7.6813476372151746
2022-06-09,0.2493150684931507,8.253765312229945
2022-06-09,0.4986301369863014,8.740803096673622
2022-06-09,0.9972602739726028,9.42020683156799
2022-06-09,5.0,9.286116000000021
2022-06-16,0.07671232876712329,7.496943518546906
2022-06-16,0.2493150684931507,8.415268284996591
2022-06-16,0.4986301369863014,9.047663877753509
2022-06-16,0.9972602739726028,9.683883838747587
2022-06-16,30.0,9.558088999999992
2022-06-23,0.07671232876712329,7.876917366837555
2022-06-23,0.2493150684931507,8.544600837466309
2022-06-23,0.4986301369863014,9.185362894550808
2022-06-23,0.9972602739726028,9.724449686404203
2022-06-23,10.0,9.432521000000005
2022-06-30,0.07671232876712329,7.94218011815333
2022-06-30,0.2493150684931507,8.620098292311162
2022-06-30,0.4986301369863014,9.301945495539087
2022-06-30,0.9972602739726028,9.86643047667901
2022-06-30,3.0,9.631370250000003
2022-07-07,0.07671232876712329,8.094601660532241
2022-07-07,0.2493150684931507,8.749614203631207
2022-07-07,0.4986301369863014,9.407983807759113
2022-07-07,0.9972602739726028,9.825864485277025
2022-07-07,20.0,9.15025625000001
2022-07-14,0.07671232876712329,7.931300462062207
2022-07-14,0.2493150684931507,8.846827189426332
2022-07-14,0.4986301369863014,9.556524052341064
2022-07-14,0.9972602739726028,9.815722993840193
2022-07-14,5.0,9.453444000000012
2022-07-21,0.07671232876712329,8.138187157645138
2022-07-21,0.2493150684931507,9.117205556399878
2022-07-21,0.4986301369863014,9.673305128825426
2022-07-21,0.9972602739726028,9.957704107349041
2022-07-21,30.0,9.579023999999992
2022-07-28,0.07671232876712329,8.47652533582215
2022-07-28,0.2493150684931507,9.030629688095093
2022-07-28,0.4986301369863014,9.694544753628165
2022-07-28,0.9972602739726028,9.79544001866457
2022-07-28,10.0,8.972721000000018
2022-08-04,0.07671232876712329,8.432813944538232
2022-08-04,0.2493150684931507,9.073911174017347
2022-08-04,0.4986301369863014,9.567137936224878
2022-08-04,0.9972602739726028,9.541903695743326
2022-08-04,3.0,8.972721000000018
2022-08-11,0.07671232876712329,8.750090338664918
2022-08-11,0.2493150684931507,9.214665082736184
2022-08-11,0.4986301369863014,9.768899679456888
2022-08-11,0.9972602739726028,9.66360093033234
2022-08-11,20.0,8.79533025000001
2022-08-18,0.07671232876712329,8.80487971799029
2022-08-18,0.2493150684931507,9.409780156324942
2022-08-18,0.4986301369863014,9.779523873817642
2022-08-18,0.9972602739726028,9.79544001866457
2022-08-18,5.0,8.711902250000026
2022-08-25,0.07671232876712329,8.80487971799029
2022-08-25,0.2493150684931507,9.50743576206856
2022-08-25,0.4986301369863014,9.97084752726698
2022-08-25,0.9972602739726028,9.927279540720079
2022-08-25,30.0,9.035364000000001
2022-09-01,0.07671232876712329,8.80487971799029
2022-09-01,0.2493150684931507,9.659474521861044
2022-09-01,0.4986301369863014,10.130411498224067
2022-09-01,0.9972602739726028,10.119968852070294
2022-09-01,10.0,9.307025000000024
2022-09-08,0.07671232876712329,9.024292193268568
2022-09-08,0.2493150684931507,9.811671687951184
2022-09-08,0.4986301369863014,10.279442523655668
2022-09-08,0.9972602739726028,10.160535140643635
2022-09-08,3.0,9.851361000000015
2022-09-15,0.07671232876712329,9.244113123465825
2022-09-15,0.2493150684931507,9.84430598596231
2022-09-15,0.4986301369863014,10.279442523655668
2022-09-15,0.9972602739726028,10.241667840556957
2022-09-15,20.0,9.369764000000004
2022-09-22,0.07671232876712329,9.090195552864412
2022-09-22,0.2493150684931507,9.974915987878497
2022-09-22,0.4986301369863014,10.471202315249961
2022-09-22,0.9972602739726028,10.485066921352582
2022-09-22,5.0,9.715150250000004
2022-09-29,0.07671232876712329,9.795457016541743
2022-09-29,0.2493150684931507,10.258304241918538
2022-09-29,0.4986301369863014,10.86589977707404
2022-09-29,0.9972602739726028,11.0834292331921
2022-09-29,30.0,10.008632250000016
2022-10-06,0.07671232876712329,9.519464738017547
2022-10-06,0.2493150684931507,9.985805414588157
2022-10-06,0.4986301369863014,10.737812458909989
2022-10-06,0.9972602739726028,10.78931783785919
2022-10-06,10.0,9.746576000000019
2022-10-13,0.07671232876712329,9.409247288956845
2022-10-13,0.2493150684931507,10.411124785588012
2022-10-13,0.4986301369863014,10.737812458909989
2022-10-13,3.0,10.596772249999997
2022-10-20,0.07671232876712329,9.299132258762732
2022-10-20,0.2493150684931507,10.520379626517485
2022-10-20,0.4986301369863014,10.919291403377883
2022-10-20,0.9972602739726028,11.032720219562098
2022-10-20,20.0,10.176512250000002
2022-10-27,0.07671232876712329,9.519464738017547
2022-10-27,0.2493150684931507,10.640653666362422
2022-10-27,0.4986301369863014,11.00474481354452
2022-10-27,5.0,10.229001000000014
2022-11-03,0.07671232876712329,9.96136047072682
2022-11-03,0.2493150684931507,10.58597147427649
2022-11-03,0.4986301369863014,11.165058888477297
2022-11-03,0.9972602739726028,11.022578424449069
2022-11-03,30.0,10.187009000000025
2022-11-10,0.07671232876712329,9.729160368070966
2022-11-10,0.2493150684931507,10.750078941532326
2022-11-10,0.4986301369863014,11.1436769764373
2022-11-10,10.0,9.987656250000022
2022-11-17,0.07671232876712329,9.928161275230462
2022-11-17,0.2493150684931507,10.684414032421996
2022-11-17,0.4986301369863014,11.079543613338384
2022-11-17,0.9972602739726028,10.93130238267841
2022-11-17,3.0,9.966682250000014
2022-11-24,0.07671232876712329,10.293861954734428
2022-11-24,0.2493150684931507,10.859585438238195
2022-11-24,0.4986301369863014,11.09023121833259
2022-11-24,20.0,9.495296000000009
2022-12-01,0.07671232876712329,10.271666341903817
2022-12-01,0.2493150684931507,10.892453231467258
2022-12-01,0.4986301369863014,11.175750617811753
2022-12-01,0.9972602739726028,10.992153054340093
2022-12-01,5.0,9.610430250000013
2022-12-08,0.07671232876712329,10.627291514453274
2022-12-08,0.2493150684931507,11.177613958328546
2022-12-08,0.4986301369863014,11.154367674685894
2022-12-08,30.0,9.233852249999996
2022-12-15,0.07671232876712329,10.404901904630393
2022-12-15,0.2493150684931507,11.133707288419469
2022-12-15,0.4986301369863014,11.165058888477297
2022-12-15,0.9972602739726028,10.870451802466619
2022-12-15,10.0,9.139809
2022-12-22,0.07671232876712329,10.850094657659582
2022-12-22,0.2493150684931507,11.078842257286968
2022-12-22,0.4986301369863014,11.271999381278984
2022-12-22,3.0,9.924740250000031
2022-12-29,0.07671232876712329,10.738641350348521
2022-12-29,0.2493150684931507,11.298424445667909
2022-12-29,0.4986301369863014,11.357588894707504
2022-12-29,0.9972602739726028,11.154421958813888
2022-12-29,20.0,9.286116000000021
2023-01-05,0.07671232876712329,11.173895194257998
2023-01-05,0.2493150684931507,11.39734266805612
2023-01-05,0.4986301369863014,11.464622185591121
2023-01-05,3.0,10.187009000000025
2023-01-12,0.07671232876712329,11.14035813568799
2023-01-12,0.2493150684931507,11.430330070054184
2023-01-12,0.4986301369863014,11.411099095822808
2023-01-12,0.9972602739726028,11.215272965365642
2023-01-12,10.0,8.878790250000002
2023-01-19,0.07671232876712329,11.408916353258203
2023-01-19,0.2493150684931507,11.485325368177236
2023-01-19,0.4986301369863014,11.453916536544417
2023-01-19,5.0,8.951844000000019
2023-01-26,0.07671232876712329,11.520992342706293
2023-01-26,0.2493150684931507,11.683477164857425
2023-01-26,0.4986301369863014,11.657412027066272
2023-01-26,0.9972602739726028,11.255840353746338
2023-01-26,20.0,8.899660249999997
2023-02-02,0.07671232876712329,11.498568820457123
2023-02-02,0.2493150684931507,11.69449334441721
2023-02-02,0.4986301369863014,11.635982684795643
2023-02-02,3.0,10.208004000000015
2023-02-09,0.07671232876712329,11.543420028552998
2023-02-09,0.2493150684931507,11.639420602617134
2023-02-09,0.4986301369863014,11.635982684795643
2023-02-09,0.9972602739726028,11.367400880713706
2023-02-09,30.0,9.045806249999977
2023-02-16,0.07671232876712329,11.801637903698925
2023-02-16,0.2493150684931507,12.29057938482585
2023-02-16,0.4986301369863014,12.279760012992602
2023-02-16,5.0,9.987656250000022
2023-02-23,0.07671232876712329,11.790399573090028
2023-02-23,0.2493150684931507,12.157909943376843
2023-02-23,0.4986301369863014,12.61310549066006
2023-02-23,0.9972602739726028,12.25989609327549
2023-02-23,10.0,9.599960999999979
2023-03-02,0.07671232876712329,11.801637903698925
2023-03-02,0.2493150684931507,12.235286142341062
2023-03-02,0.4986301369863014,12.51627673094886
2023-03-02,3.0,11.460806249999989
2023-03-09,0.07671232876712329,11.959084099854266
2023-03-09,0.2493150684931507,12.323765144315434
2023-03-09,0.4986301369863014,12.440994344764334
2023-03-09,0.9972602739726028,12.2396118946954
2023-03-09,20.0,9.579023999999992
2023-03-16,0.07671232876712329,12.082935412685103
2023-03-16,0.2493150684931507,12.323765144315434
2023-03-16,0.4986301369863014,12.31199759930468
2023-03-16,5.0,10.008632250000016
2023-03-23,0.07671232876712329,12.060407587597588
2023-03-23,0.2493150684931507,12.235286142341062
2023-03-23,0.4986301369863014,12.161595227716449
2023-03-23,0.9972602739726028,11.8237880396864
2023-03-23,30.0,9.568556250000015
2023-03-30,0.07671232876712329,12.128003607625804
2023-03-30,0.2493150684931507,12.30164048674174
2023-03-30,0.4986301369863014,12.301251221643362
2023-03-30,3.0,10.84931225000001
2023-04-05,0.07671232876712329,12.060407587597588
2023-04-05,0.2493150684931507,12.146859470492878
2023-04-05,0.4986301369863014,12.258270866570209
2023-04-05,0.9972602739726028,11.904924069473921
2023-04-05,10.0,9.087580250000027
2023-04-13,0.07671232876712329,12.082935412685103
2023-04-13,0.2493150684931507,12.25740098607766
2023-04-13,0.4986301369863014,12.204557022756202
2023-04-13,5.0,9.411600000000009
2023-04-20,0.07671232876712329,12.082935412685103
2023-04-20,0.2493150684931507,12.268459634534135
2023-04-20,0.4986301369863014,12.247527066694296
2023-04-20,0.9972602739726028,11.935350122202326
2023-04-20,20.0,9.275662250000005
2023-04-27,0.07671232876712329,12.049145242838266
2023-04-27,0.2493150684931507,12.25740098607766
2023-04-27,0.4986301369863014,12.161595227716449
2023-04-27,3.0,10.775625
2023-05-04,0.07671232876712329,12.195637272627202
2023-05-04,0.2493150684931507,12.27951910077012
2023-05-04,0.4986301369863014,12.118641681566377
2023-05-04,0.9972602739726028,11.732510198969681
2023-05-04,30.0,9.327936000000015
2023-05-11,0.07671232876712329,12.184362380077275
2023-05-11,0.2493150684931507,12.235286142341062
2023-05-11,0.4986301369863014,12.118641681566377
2023-05-11,5.0,9.307025000000024
2023-05-18,0.07671232876712329,12.026623688444204
2023-05-18,0.2493150684931507,12.135809814944064
2023-05-18,0.4986301369863014,12.075696384297284
2023-05-18,0.9972602739726028,11.661516464089061
2023-05-18,10.0,8.951844000000019
2023-05-25,0.07671232876712329,12.026623688444204
2023-05-25,0.2493150684931507,12.113712955690525
2023-05-25,0.4986301369863014,12.043492824668455
2023-05-25,3.0,10.733528999999997
2023-06-01,0.07671232876712329,11.970338086534449
2023-06-01,0.2493150684931507,12.036399688425714
2023-06-01,0.4986301369863014,11.957639350029359
2023-06-01,0.9972602739726028,11.6108067291681
2023-06-01,20.0,9.275662250000005
2023-06-08,0.07671232876712329,12.105467419123773
2023-06-08,0.2493150684931507,12.01431753648139
2023-06-08,0.4986301369863014,11.914724985986936
2023-06-08,5.0,9.516225
2023-06-15,0.07671232876712329,11.914078595844346
2023-06-15,0.2493150684931507,11.9260215995038
2023-06-15,0.4986301369863014,11.882544626256752
2023-06-15,0.9972602739726028,11.468819807291265
2023-06-15,30.0,9.265208999999984
2023-06-22,0.07671232876712329,11.846601658187916
2023-06-22,0.2493150684931507,12.06952904342884
2023-06-22,0.4986301369863014,11.87181887078439
2023-06-22,3.0,9.641840999999985
2023-06-29,0.07671232876712329,11.767926040865806
2023-06-29,0.2493150684931507,11.848805523065664
2023-06-29,0.4986301369863014,11.796753017924777
2023-06-29,0.9972602739726028,11.276124063135029
2023-06-29,10.0,8.753612250000021
2023-07-06,0.07671232876712329,12.082935412685103
2023-07-06,0.2493150684931507,11.948090683774026
2023-07-06,0.4986301369863014,11.83964469767842
2023-07-06,5.0,9.422060249999987
2023-07-13,0.07671232876712329,12.071670977516892
2023-07-13,0.2493150684931507,12.06952904342884
2023-07-13,0.4986301369863014,11.87181887078439
2023-07-13,0.9972602739726028,11.560097057369445
2023-07-13,20.0,9.223400999999987
2023-07-20,0.07671232876712329,11.947831157534017
2023-07-20,0.2493150684931507,12.058485108095706
2023-07-20,0.4986301369863014,11.914724985986936
2023-07-20,3.0,9.673256249999994
2023-07-27,0.07671232876712329,11.846601658187916
2023-07-27,0.2493150684931507,11.959126450801815
2023-07-27,0.4986301369863014,11.925452803668456
2023-07-27,0.9972602739726028,11.458677903253323
2023-07-27,30.0,9.10847025000001
2023-08-03,0.07671232876712329,12.060407587597588
2023-08-03,0.2493150684931507,12.003277685805491
2023-08-03,0.4986301369863014,11.83964469767842
2023-08-03,5.0,9.558088999999992
2023-08-10,0.07671232876712329,12.026623688444204
2023-08-10,0.2493150684931507,11.837777920307246
2023-08-10,0.4986301369863014,11.83964469767842
2023-08-10,0.9972602739726028,11.6108067291681
2023-08-10,10.0,9.307025000000024
2023-08-17,0.07671232876712329,12.03788394315033
2023-08-17,0.2493150684931507,12.01431753648139
2023-08-17,0.4986301369863014,11.903997683857881
2023-08-17,3.0,10.008632250000016
2023-08-24,0.07671232876712329,11.700530469757432
2023-08-24,0.2493150684931507,12.06952904342884
2023-08-24,0.4986301369863014,11.979099625368228
2023-08-24,0.9972602739726028,11.641232562547831
2023-08-24,20.0,9.798962249999988
2023-08-31,0.07671232876712329,11.82411769435543
2023-08-31,0.2493150684931507,12.06952904342884
2023-08-31,0.4986301369863014,11.979099625368228
2023-08-31,5.0,9.652312250000005
2023-09-07,0.07671232876712329,11.74545668004252
2023-09-07,0.2493150684931507,11.959126450801815
2023-09-07,0.4986301369863014,12.064961348866676
2023-09-07,0.9972602739726028,11.732510198969681
2023-09-07,30.0,9.736100250000002
2023-09-14,0.07671232876712329,12.026623688444204
2023-09-14,0.2493150684931507,12.06952904342884
2023-09-14,0.4986301369863014,12.032759335900556
2023-09-14,3.0,10.659880249999997
2023-09-21,0.07671232876712329,11.74545668004252
2023-09-21,0.2493150684931507,12.06952904342884
2023-09-21,0.4986301369863014,12.075696384297284
2023-09-21,0.9972602739726028,11.8237880396864
2023-09-21,10.0,9.914255999999998
2023-09-28,0.07671232876712329,11.801637903698925
2023-09-28,0.2493150684931507,12.058485108095706
2023-09-28,0.4986301369863014,12.107904583916863
2023-09-28,5.0,10.397049000000003
2023-10-05,0.07671232876712329,11.801637903698925
2023-10-05,0.2493150684931507,11.959126450801815
2023-10-05,0.4986301369863014,12.161595227716449
2023-10-05,0.9972602739726028,11.894782056934062
2023-10-05,20.0,10.302506249999976
2023-10-12,0.07671232876712329,11.801637903698925
2023-10-12,0.2493150684931507,12.06952904342884
2023-10-12,0.4986301369863014,12.022026362686699
2023-10-12,3.0,10.607289000000009
2023-10-19,0.07671232876712329,11.689301523202689
2023-10-19,0.2493150684931507,12.06952904342884
2023-10-19,0.4986301369863014,12.21529876040619
2023-10-19,0.9972602739726028,11.915066084532079
2023-10-19,30.0,10.040099999999995
2023-10-26,0.07671232876712329,12.03788394315033
2023-10-26,0.2493150684931507,12.10266575190495
2023-10-26,0.4986301369863014,12.129379294770981
2023-10-26,5.0,10.418063999999983
2023-11-01,0.07671232876712329,11.846601658187916
2023-11-01,0.2493150684931507,12.058485108095706
2023-11-01,0.4986301369863014,12.22604101361242
2023-11-01,0.9972602739726028,12.03677046157412
2023-11-01,10.0,10.491632250000006
2023-11-09,0.07671232876712329,11.689301523202689
2023-11-09,0.2493150684931507,12.08057379581453
2023-11-09,0.4986301369863014,12.14011742353074
2023-11-09,3.0,10.512656249999996
2023-11-16,0.07671232876712329,11.599507463559245
2023-11-16,0.2493150684931507,12.058485108095706
2023-11-16,0.4986301369863014,12.000561962920319
2023-11-16,0.9972602739726028,11.478961713857295
2023-11-16,20.0,9.903772249999987
2023-11-23,0.07671232876712329,11.464941342277267
2023-11-23,0.2493150684931507,11.992238651940035
2023-11-23,0.4986301369863014,11.968369229922192
2023-11-23,5.0,9.704676000000024
2023-11-30,0.07671232876712329,11.498568820457123
2023-11-30,0.2493150684931507,11.959126450801815
2023-11-30,0.4986301369863014,11.925452803668456
2023-11-30,0.9972602739726028,11.478961713857295
2023-11-30,30.0,9.830400000000017
2023-12-07,0.07671232876712329,12.026623688444204
2023-12-07,0.2493150684931507,11.992238651940035
2023-12-07,0.4986301369863014,11.796753017924777
2023-12-07,3.0,9.956195999999995
2023-12-14,0.07671232876712329,12.026623688444204
2023-12-14,0.2493150684931507,11.959126450801815
2023-12-14,0.4986301369863014,11.81819782669904
2023-12-14,0.9972602739726028,11.387684645793495
2023-12-14,10.0,9.610430250000013
2023-12-21,0.07671232876712329,11.846601658187916
2023-12-21,0.2493150684931507,11.848805523065664
2023-12-21,0.4986301369863014,11.796753017924777
2023-12-21,5.0,9.474369000000005
2023-12-28,0.07671232876712329,12.03788394315033
2023-12-28,0.2493150684931507,11.9260215995038
2023-12-28,0.4986301369863014,11.786031386864181
2023-12-28,0.9972602739726028,11.276124063135029
2023-12-28,20.0,9.348849000000016
2024-01-04,0.07671232876712329,12.082935412685103
2024-01-04,0.2493150684931507,12.047441989774764
2024-01-04,0.4986301369863014,11.979099625368228
2024-01-04,3.0,9.882806249999977
2024-01-11,0.07671232876712329,12.060407587597588
2024-01-11,0.2493150684931507,12.036399688425714
2024-01-11,0.4986301369863014,11.86109363086394
2024-01-11,0.9972602739726028,11.347117125755446
2024-01-11,30.0,9.390681
2024-01-18,0.07671232876712329,12.082935412685103
2024-01-18,0.2493150684931507,11.992238651940035
2024-01-18,0.4986301369863014,11.76458967139553
2024-01-18,5.0,9.254756250000007
2024-01-25,0.07671232876712329,12.060407587597588
2024-01-25,0.2493150684931507,11.948090683774026
2024-01-25,0.4986301369863014,11.786031386864181
2024-01-25,0.9972602739726028,11.367400880713706
2024-01-25,10.0,9.526690250000014
2024-02-01,0.07671232876712329,11.914078595844346
2024-02-01,0.2493150684931507,11.948090683774026
2024-02-01,0.4986301369863014,11.796753017924777
2024-02-01,3.0,9.987656250000022
2024-02-08,0.07671232876712329,11.812877277424572
2024-02-08,0.2493150684931507,11.937055733354862
2024-02-08,0.4986301369863014,11.807475164536374
2024-02-08,0.9972602739726028,11.397826532128397
2024-02-08,20.0,9.631370250000003
2024-02-15,0.07671232876712329,11.801637903698925
2024-02-15,0.2493150684931507,12.003277685805491
2024-02-15,0.4986301369863014,11.83964469767842
2024-02-15,5.0,9.568556250000015
2024-02-22,0.07671232876712329,11.74545668004252
2024-02-22,0.2493150684931507,12.01431753648139
2024-02-22,0.4986301369863014,11.81819782669904
2024-02-22,0.9972602739726028,11.377542761988524
2024-02-22,30.0,9.652312250000005
2024-02-29,0.07671232876712329,11.74545668004252
2024-02-29,0.2493150684931507,11.9260215995038
2024-02-29,0.4986301369863014,11.76458967139553
2024-02-29,3.0,10.050590250000013
2024-03-07,0.07671232876712329,11.74545668004252
2024-03-07,0.2493150684931507,11.870863177358792
2024-03-07,0.4986301369863014,11.721712427064258
2024-03-07,0.9972602739726028,11.296407782653507
2024-03-07,10.0,9.411600000000009
2024-03-14,0.07671232876712329,11.947831157534017
2024-03-14,0.2493150684931507,11.848805523065664
2024-03-14,0.4986301369863014,11.668127471525413
2024-03-14,5.0,9.463906249999976
2024-03-21,0.07671232876712329,11.734223563684075
2024-03-21,0.2493150684931507,11.837777920307246
2024-03-21,0.4986301369863014,11.710994404856944
2024-03-21,0.9972602739726028,11.255840353746338
2024-03-21,20.0,9.704676000000024
2024-03-27,0.07671232876712329,11.633172422089766
2024-03-27,0.2493150684931507,11.760607552479097
2024-03-27,0.4986301369863014,11.657412027066272
2024-03-27,3.0,10.124036000000025
2024-04-04,0.07671232876712329,11.610728074764666
2024-04-04,0.2493150684931507,11.727546777341091
2024-04-04,0.4986301369863014,11.646697098156423
2024-04-04,0.9972602739726028,11.184847450684465
2024-04-04,30.0,9.830400000000017
2024-04-11,0.07671232876712329,11.6556209365571
2024-04-11,0.2493150684931507,11.727546777341091
2024-04-11,0.4986301369863014,11.668127471525413
2024-04-11,3.0,10.355025000000007
2024-04-18,0.07671232876712329,11.790399573090028
2024-04-18,0.2493150684931507,11.793675670920223
2024-04-18,0.4986301369863014,11.786031386864181
2024-04-18,0.9972602739726028,11.53981320633064
2024-04-18,20.0,10.407556250000006
2024-04-25,0.07671232876712329,11.790399573090028
2024-04-25,0.2493150684931507,11.848805523065664
2024-04-25,0.4986301369863014,11.732430964821683
2024-04-25,10.0,10.092556250000007
2024-05-02,0.07671232876712329,11.689301523202689
2024-05-02,0.2493150684931507,11.77162944264969
2024-05-02,0.4986301369863014,11.743150018129246
2024-05-02,0.9972602739726028,11.671658418645436
2024-05-02,5.0,10.344520250000034
2024-05-09,0.07671232876712329,11.779162285508459
2024-05-09,0.2493150684931507,11.793675670920223
2024-05-09,0.4986301369863014,11.732430964821683
2024-05-09,30.0,9.882806249999977
2024-05-16,0.07671232876712329,11.689301523202689
2024-05-16,0.2493150684931507,11.793675670920223
2024-05-16,0.4986301369863014,11.743150018129246
2024-05-16,0.9972602739726028,11.489103622951191
2024-05-16,3.0,10.670400000000013
2024-05-23,0.07671232876712329,11.74545668004252
2024-05-23,0.2493150684931507,11.749586478230967
2024-05-23,0.4986301369863014,11.76458967139553
2024-05-23,10.0,9.872323999999999
2024-05-30,0.07671232876712329,11.779162285508459
2024-05-30,0.2493150684931507,11.793675670920223
2024-05-30,0.4986301369863014,11.67884343153387
2024-05-30,0.9972602739726028,11.499245534572733
2024-05-30,5.0,10.166016000000022
2024-06-06,0.07671232876712329,11.790399573090028
2024-06-06,0.2493150684931507,11.793675670920223
2024-06-06,0.4986301369863014,11.721712427064258
2024-06-06,20.0,10.29200400000001
2024-06-13,0.07671232876712329,11.74545668004252
2024-06-13,0.2493150684931507,11.749586478230967
2024-06-13,0.4986301369863014,11.700276898199501
2024-06-13,0.9972602739726028,11.560097057369445
2024-06-13,3.0,11.123222249999976
2024-06-20,0.07671232876712329,11.689301523202689
2024-06-20,0.2493150684931507,11.793675670920223
2024-06-20,0.4986301369863014,11.721712427064258
2024-06-20,30.0,10.418063999999983
2024-06-27,0.07671232876712329,11.610728074764666
2024-06-27,0.2493150684931507,11.760607552479097
2024-06-27,0.4986301369863014,11.700276898199501
2024-06-27,0.9972602739726028,11.509387448721675
2024-06-27,5.0,10.407556250000006
2024-07-04,0.07671232876712329,11.767926040865806
2024-07-04,0.2493150684931507,11.749586478230967
2024-07-04,0.4986301369863014,11.743150018129246
2024-07-04,10.0,10.19750625
2024-07-11,0.07671232876712329,11.633172422089766
2024-07-11,0.2493150684931507,11.760607552479097
2024-07-11,0.4986301369863014,11.775310271354522
2024-07-11,0.9972602739726028,11.570238986678017
2024-07-11,5.0,10.460099999999994
2024-07-18,0.07671232876712329,11.621949727578729
2024-07-18,0.2493150684931507,11.738566219865088
2024-07-18,0.4986301369863014,11.689559907091883
2024-07-18,30.0,10.176512250000002
2024-07-25,0.07671232876712329,11.599507463559245
2024-07-25,0.2493150684931507,11.727546777341091
2024-07-25,0.4986301369863014,11.743150018129246
2024-07-25,0.9972602739726028,11.529671284600852
2024-07-25,3.0,10.92302399999998
2024-08-01,0.07671232876712329,11.711760458630248
2024-08-01,0.2493150684931507,11.77162944264969
2024-08-01,0.4986301369863014,11.721712427064258
2024-08-01,20.0,10.271001000000002
2024-08-08,0.07671232876712329,11.588287893873161
2024-08-08,0.2493150684931507,11.650433519858083
2024-08-08,0.4986301369863014,11.582418351223689
2024-08-08,0.9972602739726028,11.235556654489255
2024-08-08,10.0,9.977168999999986
2024-08-15,0.07671232876712329,11.352917364580906
2024-08-15,0.2493150684931507,11.408337654076606
2024-08-15,0.4986301369863014,11.304091582228292
2024-08-15,5.0,9.694202249999995
2024-08-22,0.07671232876712329,11.352917364580906
2024-08-22,0.2493150684931507,11.386348496627496
2024-08-22,0.4986301369863014,11.282696266050895
2024-08-22,0.9972602739726028,10.90087708113816
2024-08-22,3.0,10.19750625
2024-08-29,0.07671232876712329,11.352917364580906
2024-08-29,0.2493150684931507,11.408337654076606
2024-08-29,0.4986301369863014,11.282696266050895
2024-08-29,20.0,10.29200400000001
2024-09-05,0.07671232876712329,11.19625842393761
2024-09-05,0.2493150684931507,11.298424445667909
2024-09-05,0.4986301369863014,11.165058888477297
2024-09-05,0.9972602739726028,10.850168296060158
2024-09-05,30.0,10.302506249999976
2024-09-12,0.07671232876712329,11.173895194257998
2024-09-12,0.2493150684931507,11.166636070273196
2024-09-12,0.4986301369863014,11.036798348779131
2024-09-12,5.0,9.725625000000026
2024-09-19,0.07671232876712329,11.073312039215644
2024-09-19,0.2493150684931507,11.144682735358892
2024-09-19,0.4986301369863014,10.972695918178598
2024-09-19,0.9972602739726028,10.525633577732286
2024-09-19,3.0,9.798962249999988
2024-09-26,0.07671232876712329,11.017468820387366
2024-09-26,0.2493150684931507,11.045933000009335
2024-09-26,0.4986301369863014,10.780499983018776
2024-09-26,10.0,9.422060249999987
2024-10-03,0.07671232876712329,10.961651524541027
2024-10-03,0.2493150684931507,11.034964874242048
2024-10-03,0.4986301369863014,10.833870987763095
2024-10-03,0.9972602739726028,10.282234251866962
2024-10-03,20.0,9.935224999999992
2024-10-10,0.07671232876712329,10.961651524541027
2024-10-10,0.2493150684931507,11.045933000009335
2024-10-10,0.4986301369863014,10.855222998431358
2024-10-10,3.0,9.987656250000022
2024-10-17,0.07671232876712329,10.861245682711985
2024-10-17,0.2493150684931507,10.980136443533016
2024-10-17,0.4986301369863014,10.855222998431358
2024-10-17,0.9972602739726028,10.393792093723864
2024-10-17,5.0,9.851361000000015
2024-10-24,0.07671232876712329,10.850094657659582
2024-10-24,0.2493150684931507,11.056901939078978
2024-10-24,0.4986301369863014,10.897933206237663
2024-10-24,30.0,10.649361000000003
2024-10-31,0.07671232876712329,10.850094657659582
2024-10-31,0.2493150684931507,11.111758835374296
2024-10-31,0.4986301369863014,11.079543613338384
2024-10-31,0.9972602739726028,10.769034372137831
2024-10-31,10.0,10.313009000000006
2024-11-07,0.07671232876712329,10.738641350348521
2024-11-07,0.2493150684931507,11.056901939078978
2024-11-07,0.4986301369863014,10.962013984137876
2024-11-07,3.0,10.449590250000007
2024-11-14,0.07671232876712329,10.738641350348521
2024-11-14,0.2493150684931507,10.903410787967328
2024-11-14,0.4986301369863014,10.780499983018776
2024-11-14,0.9972602739726028,10.637192093069414
2024-11-14,5.0,10.218502249999982
2024-11-21,0.07671232876712329,10.682953503980809
2024-11-21,0.2493150684931507,10.640653666362422
2024-11-21,0.4986301369863014,10.620464299433262
2024-11-21,20.0,10.38654225000002
2024-11-28,0.07671232876712329,10.571655370756572
2024-11-28,0.2493150684931507,10.531309572483494
2024-11-28,0.4986301369863014,10.609799378154516
2024-11-28,0.9972602739726028,10.343083945481624
2024-11-28,10.0,10.271001000000002
2024-12-05,0.07671232876712329,10.516045061886592
2024-12-05,0.2493150684931507,10.400203762483184
2024-12-05,0.4986301369863014,10.38595511988909
2024-12-05,30.0,10.523168999999989
2024-12-11,0.07671232876712329,10.571655370756572
2024-12-11,0.2493150684931507,10.312864767669794
2024-12-11,0.4986301369863014,10.236851920057543
2024-12-11,0.9972602739726028,9.9982702320635
2024-12-11,5.0,9.987656250000022
2024-12-19,0.07671232876712329,10.404901904630393
2024-12-19,0.2493150684931507,10.356527778940428
2024-12-19,0.4986301369863014,10.14105322052108
2024-12-19,3.0,9.882806249999977
2024-12-26,0.07671232876712329,10.33826555543551
2024-12-26,0.2493150684931507,10.30195104146805
2024-12-26,0.4986301369863014,10.364648476382254
2024-12-26,0.9972602739726028,10.20110147014417
2024-12-26,10.0,10.701962249999974
2025-01-02,0.07671232876712329,10.671819037880637
2025-01-02,0.2493150684931507,10.509450491921868
2025-01-02,0.4986301369863014,10.332692377617558
2025-01-02,3.0,10.229001000000014
2025-01-09,0.07671232876712329,10.493808169625773
2025-01-09,0.2493150684931507,10.334694651931997
2025-01-09,0.4986301369863014,10.20491438043656
2025-01-09,0.9972602739726028,10.130110420375882
2025-01-09,10.0,10.596772249999997
2025-01-16,0.07671232876712329,10.38268566087579
2025-01-16,0.2493150684931507,10.367445558575096
2025-01-16,0.4986301369863014,10.14105322052108
2025-01-16,5.0,10.229001000000014
2025-01-23,0.07671232876712329,10.349369034256606
2025-01-23,0.2493150684931507,10.247394568144564
2025-01-23,0.4986301369863014,10.087849764332478
2025-01-23,0.9972602739726028,9.917138023636829
2025-01-23,20.0,10.838784
2025-01-30,0.07671232876712329,10.482691272705313
2025-01-30,0.2493150684931507,10.138342393841304
2025-01-30,0.4986301369863014,9.981481516631519
2025-01-30,3.0,9.757052249999987
2025-02-06,0.07671232876712329,10.238380655081002
2025-02-06,0.2493150684931507,10.029371215832095
2025-02-06,0.4986301369863014,9.885794171338237
2025-02-06,0.9972602739726028,9.653459479978842
2025-02-06,30.0,10.586256000000027
2025-02-13,0.07671232876712329,9.90603361987592
2025-02-13,0.2493150684931507,9.887829707790786
2025-02-13,0.4986301369863014,9.673305128825426
2025-02-13,5.0,9.798962249999988
2025-02-20,0.07671232876712329,9.928161275230462
2025-02-20,0.2493150684931507,9.713812462489635
2025-02-20,0.4986301369863014,9.609598626986848
2025-02-20,0.9972602739726028,9.44048961652333
2025-02-20,10.0,10.092556250000007
2025-02-27,0.07671232876712329,10.005640465003962
2025-02-27,0.2493150684931507,9.648609358482041
2025-02-27,0.4986301369863014,9.439805354068564
2025-02-27,3.0,9.307025000000024
2025-03-06,0.07671232876712329,9.684983138057103
2025-03-06,0.2493150684931507,9.605156786116996
2025-03-06,0.4986301369863014,9.38677202115552
2025-03-06,0.9972602739726028,9.23766223072715
2025-03-06,30.0,10.36553025000002
2025-03-13,0.07671232876712329,9.673941396705654
2025-03-13,0.2493150684931507,9.464025196032155
2025-03-13,0.4986301369863014,9.27014405450224
2025-03-13,5.0,9.401140249999983
2025-03-20,0.07671232876712329,9.62978469328446
2025-03-20,0.2493150684931507,9.442324758011654
2025-03-20,0.4986301369863014,9.323149033825695
2025-03-20,0.9972602739726028,9.115966294380563
2025-03-20,3.0,9.10847025000001
2025-03-27,0.07671232876712329,9.541520525778546
2025-03-27,0.2493150684931507,9.323030068861481
2025-03-27,0.4986301369863014,9.164172759741884
2025-03-27,20.0,10.208004000000015
2025-04-03,0.07671232876712329,9.299132258762732
2025-04-03,0.2493150684931507,9.16051283780892
2025-04-03,0.4986301369863014,9.005312477060624
2025-04-03,0.9972602739726028,8.801586847599353
2025-04-03,10.0,9.474369000000005
2025-04-10,0.07671232876712329,9.299132258762732
2025-04-10,0.2493150684931507,9.117205556399878
2025-04-10,0.4986301369863014,8.857147529504106
2025-04-10,3.0,8.764040999999988
2025-04-16,0.07671232876712329,9.519464738017547
2025-04-16,0.2493150684931507,9.073911174017347
2025-04-16,0.4986301369863014,8.835989356647268
2025-04-16,0.9972602739726028,8.69003344821142
2025-04-16,30.0,10.460099999999994
2025-04-24,0.07671232876712329,9.299132258762732
2025-04-24,0.2493150684931507,9.041448850672861
2025-04-24,0.4986301369863014,8.730229423126579
2025-04-24,5.0,9.098024999999987
2025-04-30,0.07671232876712329,9.13415155795969
2025-04-30,0.2493150684931507,8.91167207823431
2025-04-30,0.4986301369863014,8.687939884054142
2025-04-30,0.9972602739726028,8.608903900203636
2025-04-30,20.0,10.103048999999986
2025-05-08,0.07671232876712329,9.024292193268568
2025-05-08,0.2493150684931507,8.879246009947916
2025-05-08,0.4986301369863014,8.603385550436604
2025-05-08,3.0,8.597241000000011
2025-05-15,0.07671232876712329,8.859694582242629
2025-05-15,0.2493150684931507,8.738816785431048
2025-05-15,0.4986301369863014,8.53999145165021
2025-05-15,0.9972602739726028,8.4872098895457
2025-05-15,10.0,9.631370250000003
2025-05-22,0.07671232876712329,8.585875001622622
2025-05-22,0.2493150684931507,8.620098292311162
2025-05-22,0.4986301369863014,8.444935100335504
2025-05-22,5.0,9.066692249999985
2025-05-29,0.07671232876712329,8.553059420404008
2025-05-29,0.2493150684931507,8.512256847170342
2025-05-29,0.4986301369863014,8.402701236298693
2025-05-29,0.9972602739726028,8.446645302415767
2025-05-29,30.0,10.260500249999982
2025-06-05,0.07671232876712329,8.531187453399514
2025-06-05,0.2493150684931507,8.458366275046325
2025-06-05,0.4986301369863014,8.318258252574285
2025-06-05,20.0,10.19750625
2025-06-12,0.07671232876712329,8.531187453399514
2025-06-12,0.2493150684931507,8.42604157703175
2025-06-12,0.4986301369863014,8.476615911196706
2025-06-12,0.9972602739726028,8.426363024438732
2025-06-12,3.0,8.586820249999993
2025-06-19,0.07671232876712329,8.574935457005651
2025-06-19,0.2493150684931507,8.393724111640788
2025-06-19,0.4986301369863014,8.33936590546449
2025-06-19,5.0,8.930969000000012
2025-06-26,0.07671232876712329,8.421888638046958
2025-06-26,0.2493150684931507,8.286051448741372
2025-06-26,0.4986301369863014,8.371031251099858
2025-06-26,0.9972602739726028,8.385798499670273
2025-06-26,10.0,9.610430250000013
2025-07-03,0.07671232876712329,8.094601660532241
2025-07-03,0.2493150684931507,8.447590572016516
2025-07-03,0.4986301369863014,8.466055125401418
2025-07-03,30.0,10.008632250000016
2025-07-10,0.07671232876712329,8.258130955162212
2025-07-10,0.2493150684931507,8.361413877792433
2025-07-10,0.4986301369863014,8.39214405905846
2025-07-10,0.9972602739726028,8.446645302415767
2025-07-10,3.0,8.555561000000012
2025-07-17,0.07671232876712329,8.040142598105726
2025-07-17,0.2493150684931507,8.329110874406066
2025-07-17,0.4986301369863014,8.34992050516945
2025-07-17,5.0,8.92053225
2025-07-24,0.07671232876712329,8.040142598105726
2025-07-24,0.2493150684931507,8.307579555204736
2025-07-24,0.4986301369863014,8.33936590546449
2025-07-24,0.9972602739726028,8.345234016495473
2025-07-24,10.0,9.694202249999995
2025-07-31,0.07671232876712329,7.855171213576173
2025-07-31,0.2493150684931507,8.275288600186425
2025-07-31,0.4986301369863014,8.276049132869057
2025-07-31,3.0,8.576400000000017
2025-08-07,0.07671232876712329,7.876917366837555
2025-08-07,0.2493150684931507,8.146197045109194
2025-08-07,0.4986301369863014,8.21275091848268
2025-08-07,0.9972602739726028,8.152553289904718
2025-08-07,20.0,9.945710250000017
2025-08-14,0.07671232876712329,7.746501145014206
2025-08-14,0.2493150684931507,8.027964648220088
2025-08-14,0.4986301369863014,8.044046408914918
2025-08-14,5.0,8.670200250000025
2025-08-21,0.07671232876712329,7.768227067995848
2025-08-21,0.2493150684931507,7.995736296337386
2025-08-21,0.4986301369863014,8.075668452137673
2025-08-21,0.9972602739726028,8.020719650329578
2025-08-21,10.0,9.348849000000016
2025-08-28,0.07671232876712329,7.627080836334144
2025-08-28,0.2493150684931507,8.017221062168268
2025-08-28,0.4986301369863014,7.991353313597327
2025-08-28,3.0,8.191202249999986
2025-09-04,0.07671232876712329,7.7139198427965905
2025-09-04,0.2493150684931507,7.952776388646443
2025-09-04,0.4986301369863014,7.991353313597327
2025-09-04,0.9972602739726028,7.939591475811492
2025-09-04,30.0,9.798962249999988
2025-09-11,0.07671232876712329,7.7139198427965905
2025-09-11,0.2493150684931507,7.920564877592917
2025-09-11,0.4986301369863014,7.94920811638169
2025-09-11,5.0,8.451396000000022
2025-09-18,0.07671232876712329,7.605381186917515
2025-09-18,0.2493150684931507,7.856163501502467
2025-09-18,0.4986301369863014,7.917604631236563
2025-09-18,0.9972602739726028,7.807758548579846
2025-09-18,10.0,8.983160249999989
2025-09-25,0.07671232876712329,7.551149734680274
2025-09-25,0.2493150684931507,7.823973634306225
2025-09-25,0.4986301369863014,7.822822012847075
2025-09-25,20.0,9.380222249999992
2025-10-02,0.07671232876712329,7.5403064729098634
2025-10-02,0.2493150684931507,7.791790979569879
2025-10-02,0.4986301369863014,7.8017648792627625
2025-10-02,0.9972602739726028,7.73677177067118
2025-10-02,3.0,7.952099999999973
2025-10-09,0.07671232876712329,7.8442996547778865
2025-10-09,0.2493150684931507,7.759615536214248
2025-10-09,0.4986301369863014,7.728081149948052
2025-10-09,30.0,9.537156000000003
2025-10-16,0.07671232876712329,7.768227067995848
2025-10-16,0.2493150684931507,7.663132463638123
2025-10-16,0.4986301369863014,7.7386058504960165
2025-10-16,0.9972602739726028,7.615080449576039
2025-10-16,5.0,8.284835999999984
2025-10-23,0.07671232876712329,7.442762527749336
2025-10-23,0.2493150684931507,7.609558785987081
2025-10-23,0.4986301369863014,7.654422680066819
2025-10-23,10.0,8.899660249999997
2025-10-30,0.07671232876712329,7.442762527749336
2025-10-30,0.2493150684931507,7.534589260729363
2025-10-30,0.4986301369863014,7.633382042439041
2025-10-30,0.9972602739726028,7.473107718159233
2025-10-30,20.0,9.453444000000012
2025-11-06,0.07671232876712329,7.65963788603059
2025-11-06,0.2493150684931507,7.534589260729363
2025-11-06,0.4986301369863014,7.528209784122009
2025-11-06,30.0,9.620899999999978
2025-11-13,0.07671232876712329,7.388606751523663
2025-11-13,0.2493150684931507,7.577424186736792
2025-11-13,0.4986301369863014,7.622862496871297
2025-11-13,0.9972602739726028,7.615080449576039
2025-11-13,5.0,8.847488999999985
2025-11-20,0.07671232876712329,7.605381186917515
2025-11-20,0.2493150684931507,7.577424186736792
2025-11-20,0.4986301369863014,7.654422680066819
2025-11-20,3.0,7.900156250000023
2025-11-27,0.07671232876712329,7.496943518546906
2025-11-27,0.2493150684931507,7.577424186736792
2025-11-27,0.4986301369863014,7.707033295347987
2025-11-27,0.9972602739726028,7.73677177067118
2025-11-27,10.0,9.160703999999997
2025-12-04,0.07671232876712329,7.648784525940866
2025-12-04,0.2493150684931507,7.566714254637108
2025-12-04,0.4986301369863014,7.685987502741387
2025-12-04,20.0,9.484832249999986
2025-12-11,0.07671232876712329,7.605381186917515
2025-12-11,0.2493150684931507,7.50247146957006
2025-12-11,0.4986301369863014,7.8017648792627625
2025-12-11,0.9972602739726028,7.7570536941443
2025-12-11,5.0,9.014480999999996
2025-12-18,0.07671232876712329,7.496943518546906
2025-12-18,0.2493150684931507,7.55600512296255
2025-12-18,0.4986301369863014,7.749131066542692
2025-12-18,30.0,9.746576000000019
2025-12-24,0.07671232876712329,7.3777786210801555
2025-12-24,0.2493150684931507,7.481063609791416
2025-12-24,0.4986301369863014,7.643902103504141
2025-12-24,0.9972602739726028,7.65564418140543
2025-12-24,10.0,9.411600000000009
2025-12-31,0.07671232876712329,7.410266036954138
2025-12-31,0.2493150684931507,7.545296791673284
2025-12-31,0.4986301369863014,7.612343466800864
2025-12-31,3.0,8.108006249999988
2026-01-08,0.07671232876712329,7.410266036954138
2026-01-08,0.2493150684931507,7.448957820815649
2026-01-08,0.4986301369863014,7.4966681588055195
2026-01-08,0.9972602739726028,7.544094019681613
2026-01-08,20.0,9.505760250000028
2026-01-15,0.07671232876712329,7.3236530881385375
2026-01-15,0.2493150684931507,7.427557961494102
2026-01-15,0.4986301369863014,7.42308907540683
2026-01-15,5.0,8.80576099999999
2026-01-22,0.07671232876712329,7.3344761791101165
2026-01-22,0.2493150684931507,7.395464171706023
2026-01-22,0.4986301369863014,7.4966681588055195
2026-01-22,0.9972602739726028,7.604939523163368
2026-01-22,10.0,9.422060249999987
2026-01-29,0.07671232876712329,7.280370799753455
2026-01-29,0.2493150684931507,7.395464171706023
2026-01-29,0.4986301369863014,7.370548052106751
2026-01-29,3.0,8.399332250000002
2026-02-05,0.07671232876712329,7.2262906027017015
2026-02-05,0.2493150684931507,7.320606652849881
2026-02-05,0.4986301369863014,7.381055225778321
2026-02-05,0.9972602739726028,7.473107718159233
2026-02-05,30.0,9.505760250000028
2026-02-12,0.07671232876712329,7.20466557251882
2026-02-12,0.2493150684931507,7.288536852451077
2026-02-12,0.4986301369863014,7.32852451235857
2026-02-12,5.0,8.534724000000015
2026-02-19,0.07671232876712329,7.161427591750602
2026-02-19,0.2493150684931507,7.235103172322166
2026-02-19,0.4986301369863014,7.339029624055149
2026-02-19,0.9972602739726028,7.3209946475625065
2026-02-19,10.0,8.930969000000012
2026-02-26,0.07671232876712329,7.150620612639935
2026-02-26,0.2493150684931507,7.341990517248598
2026-02-26,0.4986301369863014,7.276006686273617
2026-02-26,20.0,9.401140249999983
2026-03-05,0.07671232876712329,7.1290096731152275
2026-03-05,0.2493150684931507,7.395464171706023
2026-03-05,0.4986301369863014,7.339029624055149
2026-03-05,0.9972602739726028,7.310853797182237
2026-03-05,3.0,8.243215999999997
2026-03-12,0.07671232876712329,7.1290096731152275
2026-03-12,0.2493150684931507,7.374072310844393
2026-03-12,0.4986301369863014,7.318019916155327
2026-03-12,5.0,8.816192250000011
2026-03-19,0.07671232876712329,7.1290096731152275
2026-03-19,0.2493150684931507,7.309915919930288
2026-03-19,0.4986301369863014,7.486155314691434
2026-03-19,0.9972602739726028,7.68606700775829
2026-03-19,30.0,9.903772249999987
2026-03-26,0.07671232876712329,7.1290096731152275
2026-03-26,0.2493150684931507,7.406161301796055
2026-03-26,0.4986301369863014,7.517695393520651
2026-03-26,3.0,9.139809
2026-04-01,0.07671232876712329,6.945479101173735
2026-04-01,0.2493150684931507,7.096269096423802
2026-04-01,0.4986301369863014,7.381055225778321
2026-04-01,0.9972602739726028,7.544094019681613
2026-04-01,5.0,9.254756250000007
2026-04-09,0.07671232876712329,6.902337647248458
2026-04-09,0.2493150684931507,7.181689471871033
2026-04-09,0.4986301369863014,7.255003164289553
2026-04-09,20.0,10.061080999999984
2026-04-16,0.07671232876712329,6.902337647248458
2026-04-16,0.2493150684931507,6.968234367050252
2026-04-16,0.4986301369863014,7.202503380444392
2026-04-16,0.9972602739726028,7.26014958466823
2026-04-16,10.0,9.077135999999996
2026-04-23,0.07671232876712329,6.848433425644562
2026-04-23,0.2493150684931507,7.021568198685779
2026-04-23,0.4986301369863014,7.066064254936655
2026-04-23,30.0,9.725625000000026
2026-04-30,0.07671232876712329,6.794554300484856
2026-04-30,0.2493150684931507,6.968234367050252
2026-04-30,0.4986301369863014,7.066064254936655
2026-04-30,0.9972602739726028,7.290572104298398
2026-04-30,3.0,8.586820249999993
2026-05-07,0.07671232876712329,6.7837814860832735
2026-05-07,0.2493150684931507,6.936243646660056
2026-05-07,0.4986301369863014,6.961170362827684
2026-05-07,20.0,9.945710250000017
2026-05-14,0.07671232876712329,6.837655593239922
2026-05-14,0.2493150684931507,6.744450121781886
2026-05-14,0.4986301369863014,6.950683808806124
2026-05-14,0.9972602739726028,7.270290421918557
2026-05-14,5.0,9.056248999999994
2026-05-21,0.07671232876712329,6.740700261055466
2026-05-21,0.2493150684931507,6.808352580595045
2026-05-21,0.4986301369863014,6.9821450173366495
2026-05-21,10.0,9.673256249999994
2026-05-28,0.07671232876712329,6.665346729490906
2026-05-28,0.2493150684931507,6.744450121781886
2026-05-28,0.4986301369863014,7.00312173380091
2026-05-28,0.9972602739726028,7.26014958466823
2026-05-28,30.0,9.966682250000014
2026-06-04,0.07671232876712329,6.643826171940237
2026-06-04,0.2493150684931507,6.819005781732934
2026-06-04,0.4986301369863014,6.898258771021637
2026-06-04,3.0,8.565980249999994
2026-06-11,0.07671232876712329,6.525534746509187
2026-06-11,0.2493150684931507,6.7338025029432425
2026-06-11,0.4986301369863014,6.908742747602559
2026-06-11,0.9972602739726028,7.097896546067228
2026-06-11,20.0,9.778006249999983
2026-06-18,0.07671232876712329,6.557784024096303
2026-06-18,0.2493150684931507,6.819005781732934
2026-06-18,0.4986301369863014,6.835365736773502
2026-06-18,5.0,8.670200250000025
2026-06-25,0.07671232876712329,6.557784024096303
2026-06-25,0.2493150684931507,6.7338025029432425
2026-06-25,0.4986301369863014,6.898258771021637
2026-06-25,0.9972602739726028,7.2195862619367945
2026-06-25,30.0,9.736100250000002
2026-07-02,0.07671232876712329,6.579288550072704
2026-07-02,0.2493150684931507,6.744450121781886
2026-07-02,0.4986301369863014,6.961170362827684
2026-07-02,10.0,9.223400999999987
2026-07-09,0.07671232876712329,6.568535786269125
2026-07-09,0.2493150684931507,6.744450121781886
2026-07-09,0.4986301369863014,6.971657432337852
2026-07-09,0.9972602739726028,7.199304616336422
2026-07-09,3.0,8.36809999999999
2026-07-16,0.07671232876712329,6.47180597516861
2026-07-16,0.2493150684931507,6.893600525595112
2026-07-16,0.4986301369863014,6.961170362827684
2026-07-16,5.0,8.80576099999999
