date,rate_pct
2020-07-22,5.199769613024108
2020-07-23,5.199769613024108
2020-07-24,5.199769613024108
2020-07-25,5.199769613024108
2020-07-26,5.199769613024108
2020-07-27,5.199769613024108
2020-07-28,5.199769613024108
2020-07-29,5.199769613024108
2020-07-30,5.199769613024108
2020-07-31,5.199769613024108
2020-08-01,5.199769613024108
2020-08-02,5.199769613024108
2020-08-03,5.199769613024108
2020-08-04,5.199769613024108
2020-08-05,5.199769613024108
2020-08-06,5.199769613024108
2020-08-07,5.199769613024108
2020-08-08,5.199769613024108
2020-08-09,5.199769613024108
2020-08-10,5.199769613024108
2020-08-11,5.199769613024108
2020-08-12,5.199769613024108
2020-08-13,5.199769613024108
2020-08-14,4.667884724031346
2020-08-15,4.667884724031346
2020-08-16,4.667884724031346
2020-08-17,4.667884724031346
2020-08-18,4.667884724031346
2020-08-19,4.667884724031346
2020-08-20,4.667884724031346
2020-08-21,4.667884724031346
2020-08-22,4.667884724031346
2020-08-23,4.667884724031346
2020-08-24,4.667884724031346
2020-08-25,4.667884724031346
2020-08-26,4.667884724031346
2020-08-27,4.667884724031346
2020-08-28,4.667884724031346
2020-08-30,4.667884724031346
2020-08-31,4.667884724031346
2020-09-01,4.667884724031346
2020-09-02,4.667884724031346
2020-09-03,4.667884724031346
2020-09-04,4.667884724031346
2020-09-05,4.667884724031346
2020-09-06,4.667884724031346
2020-09-07,4.667884724031346
2020-09-08,4.667884724031346
2020-09-09,4.667884724031346
2020-09-10,4.667884724031346
2020-09-11,4.667884724031346
2020-09-12,4.667884724031346
2020-09-13,4.667884724031346
2020-09-14,4.667884724031346
2020-09-15,4.667884724031346
2020-09-16,4.667884724031346
2020-09-17,4.667884724031346
2020-09-18,4.667884724031346
2020-09-19,4.667884724031346
2020-09-20,4.667884724031346
2020-09-21,4.667884724031346
2020-09-22,4.667884724031346
2020-09-23,4.667884724031346
2020-09-24,4.667884724031346
2020-09-25,4.402948819034314
2020-09-26,4.402948819034314
2020-09-27,4.402948819034314
2020-09-28,4.402948819034314
2020-09-29,4.402948819034314
2020-09-30,4.402948819034314
2020-10-01,4.402948819034314
2020-10-02,4.402948819034314
2020-10-03,4.402948819034314
2020-10-04,4.402948819034314
2020-10-05,4.402948819034314
2020-10-06,4.402948819034314
2020-10-07,4.402948819034314
2020-10-08,4.402948819034314
2020-10-09,4.402948819034314
2020-10-10,4.402948819034314
2020-10-11,4.402948819034314
2020-10-12,4.402948819034314
2020-10-13,4.402948819034314
2020-10-14,4.402948819034314
2020-10-15,4.402948819034314
2020-10-16,4.402948819034314
2020-10-17,4.402948819034314
2020-10-18,4.402948819034314
2020-10-19,4.402948819034314
2020-10-20,4.402948819034314
2020-10-21,4.402948819034314
2020-10-22,4.402948819034314
2020-10-23,4.402948819034314
2020-10-24,4.402948819034314
2020-10-25,4.402948819034314
2020-10-26,4.402948819034314
2020-10-27,4.402948819034314
2020-10-28,4.402948819034314
2020-10-29,4.402948819034314
2020-10-30,4.402948819034314
2020-10-31,4.402948819034314
2020-11-01,4.402948819034314
2020-11-02,4.402948819034314
2020-11-03,4.402948819034314
2020-11-04,4.402948819034314
2020-11-05,4.402948819034314
2020-11-06,4.402948819034314
2020-11-07,4.402948819034314
2020-11-08,4.402948819034314
2020-11-09,4.402948819034314
2020-11-10,4.402948819034314
2020-11-11,4.402948819034314
2020-11-12,4.402948819034314
2020-11-13,4.402948819034314
2020-11-14,4.402948819034314
2020-11-15,4.402948819034314
2020-11-16,4.402948819034314
2020-11-17,4.402948819034314
2020-11-18,4.402948819034314
2020-11-19,4.402948819034314
2020-11-20,4.402948819034314
2020-11-21,4.402948819034314
2020-11-22,4.402948819034314
2020-11-23,4.402948819034314
2020-11-24,4.402948819034314
2020-11-25,4.402948819034314
2020-11-26,4.402948819034314
2020-11-27,4.402948819034314
2020-11-28,4.402948819034314
2020-11-29,4.402948819034314
2020-11-30,4.402948819034314
2020-12-01,4.402948819034314
2020-12-02,4.402948819034314
2020-12-03,4.402948819034314
2020-12-04,4.402948819034314
2020-12-05,4.402948819034314
2020-12-06,4.402948819034314
2020-12-07,4.402948819034314
2020-12-08,4.402948819034314
2020-12-09,4.402948819034314
2020-12-10,4.402948819034314
2020-12-11,4.402948819034314
2020-12-12,4.402948819034314
2020-12-13,4.402948819034314
2020-12-14,4.402948819034314
2020-12-15,4.402948819034314
2020-12-16,4.402948819034314
2020-12-17,4.402948819034314
2020-12-18,4.402948819034314
2020-12-19,4.402948819034314
2020-12-20,4.402948819034314
2020-12-21,4.402948819034314
2020-12-22,4.402948819034314
2020-12-23,4.402948819034314
2020-12-24,4.402948819034314
2020-12-25,4.402948819034314
2020-12-26,4.402948819034314
2020-12-27,4.402948819034314
2020-12-28,4.402948819034314
2020-12-29,4.402948819034314
2020-12-30,4.402948819034314
2020-12-31,4.402948819034314
2021-01-01,4.402948819034314
2021-01-02,4.402948819034314
2021-01-03,4.402948819034314
2021-01-04,4.402948819034314
2021-01-05,4.402948819034314
2021-01-06,4.402948819034314
2021-01-07,4.402948819034314
2021-01-08,4.402948819034314
2021-01-09,4.402948819034314
2021-01-10,4.402948819034314
2021-01-11,4.402948819034314
2021-01-12,4.402948819034314
2021-01-13,4.402948819034314
2021-01-14,4.402948819034314
2021-01-15,4.402948819034314
2021-01-16,4.402948819034314
2021-01-17,4.402948819034314
2021-01-18,4.402948819034314
2021-01-19,4.402948819034314
2021-01-20,4.402948819034314
2021-01-21,4.402948819034314
2021-01-22,4.402948819034314
2021-01-23,4.402948819034314
2021-01-24,4.402948819034314
2021-01-25,4.402948819034314
2021-01-26,4.402948819034314
2021-01-27,4.402948819034314
2021-01-28,4.402948819034314
2021-01-29,4.402948819034314
2021-01-30,4.402948819034314
2021-01-31,4.402948819034314
2021-02-01,4.402948819034314
2021-02-02,4.402948819034314
2021-02-03,4.402948819034314
2021-02-04,4.402948819034314
2021-02-05,4.402948819034314
2021-02-06,4.402948819034314
2021-02-07,4.402948819034314
2021-02-08,4.402948819034314
2021-02-09,4.402948819034314
2021-02-10,4.402948819034314
2021-02-11,4.402948819034314
2021-02-12,4.138681688564172
2021-02-13,4.138681688564172
2021-02-14,4.138681688564172
2021-02-15,4.138681688564172
2021-02-16,4.138681688564172
2021-02-17,4.138681688564172
2021-02-18,4.138681688564172
2021-02-19,4.138681688564172
2021-02-20,4.138681688564172
2021-02-21,4.138681688564172
2021-02-22,4.138681688564172
2021-02-23,4.138681688564172
2021-02-24,4.138681688564172
2021-02-25,4.138681688564172
2021-02-26,4.138681688564172
2021-02-27,4.138681688564172
2021-02-28,4.138681688564172
2021-03-01,4.138681688564172
2021-03-02,4.138681688564172
2021-03-03,4.138681688564172
2021-03-04,4.138681688564172
2021-03-05,4.138681688564172
2021-03-06,4.138681688564172
2021-03-07,4.138681688564172
2021-03-08,4.138681688564172
2021-03-09,4.138681688564172
2021-03-10,4.138681688564172
2021-03-11,4.138681688564172
2021-03-12,4.138681688564172
2021-03-13,4.138681688564172
2021-03-14,4.138681688564172
2021-03-15,4.138681688564172
2021-03-16,4.138681688564172
2021-03-17,4.138681688564172
2021-03-18,4.138681688564172
2021-03-19,4.138681688564172
2021-03-20,4.138681688564172
2021-03-21,4.138681688564172
2021-03-22,4.138681688564172
2021-03-23,4.138681688564172
2021-03-24,4.138681688564172
2021-03-25,4.138681688564172
2021-03-26,4.138681688564172
2021-03-27,4.138681688564172
2021-03-28,4.138681688564172
2021-03-29,4.138681688564172
2021-03-30,4.138681688564172
2021-03-31,4.138681688564172
2021-04-01,4.138681688564172
2021-04-02,4.138681688564172
2021-04-03,4.138681688564172
2021-04-04,4.138681688564172
2021-04-05,4.138681688564172
2021-04-06,4.138681688564172
2021-04-07,4.138681688564172
2021-04-08,4.138681688564172
2021-04-09,4.138681688564172
2021-04-10,4.138681688564172
2021-04-11,4.138681688564172
2021-04-12,4.138681688564172
2021-04-13,4.138681688564172
2021-04-14,4.138681688564172
2021-04-15,4.138681688564172
2021-04-16,4.138681688564172
2021-04-17,4.138681688564172
2021-04-18,4.138681688564172
2021-04-19,4.138681688564172
2021-04-20,4.138681688564172
2021-04-21,4.138681688564172
2021-04-22,4.138681688564172
2021-04-23,4.138681688564172
2021-04-24,4.138681688564172
2021-04-25,4.138681688564172
2021-04-26,4.138681688564172
2021-04-27,4.138681688564172
2021-04-28,4.138681688564172
2021-04-29,4.138681688564172
2021-04-30,4.138681688564172
2021-05-01,4.138681688564172
2021-05-02,4.138681688564172
2021-05-03,4.138681688564172
2021-05-04,4.138681688564172
2021-05-05,4.138681688564172
2021-05-06,4.138681688564172
2021-05-07,4.138681688564172
2021-05-08,4.138681688564172
2021-05-10,4.138681688564172
2021-05-11,4.138681688564172
2021-05-12,4.138681688564172
2021-05-13,4.138681688564172
2021-05-14,4.138681688564172
2021-05-15,4.138681688564172
2021-05-16,4.138681688564172
2021-05-17,4.138681688564172
2021-05-18,4.138681688564172
2021-05-19,4.138681688564172
2021-05-20,4.138681688564172
2021-05-21,4.138681688564172
2021-05-22,4.138681688564172
2021-05-23,4.138681688564172
2021-05-24,4.138681688564172
2021-05-25,4.138681688564172
2021-05-26,4.138681688564172
2021-05-27,4.138681688564172
2021-05-28,4.138681688564172
2021-05-29,4.138681688564172
2021-05-30,4.138681688564172
2021-05-31,4.138681688564172
2021-06-01,4.138681688564172
2021-06-02,4.138681688564172
2021-06-03,4.138681688564172
2021-06-04,4.138681688564172
2021-06-05,4.138681688564172
2021-06-06,4.138681688564172
2021-06-07,4.138681688564172
2021-06-08,4.138681688564172
2021-06-09,4.138681688564172
2021-06-10,4.138681688564172
2021-06-11,4.138681688564172
2021-06-12,4.138681688564172
2021-06-13,4.138681688564172
2021-06-14,4.138681688564172
2021-06-15,4.138681688564172
2021-06-16,4.138681688564172
2021-06-17,4.138681688564172
2021-06-18,4.138681688564172
2021-06-19,4.138681688564172
2021-06-20,4.138681688564172
2021-06-21,4.138681688564172
2021-06-22,4.138681688564172
2021-06-23,4.138681688564172
2021-06-24,4.138681688564172
2021-06-25,4.402948819034314
2021-06-26,4.402948819034314
2021-06-27,4.402948819034314
2021-06-28,4.402948819034314
2021-06-29,4.402948819034314
2021-06-30,4.402948819034314
2021-07-01,4.402948819034314
2021-07-02,4.402948819034314
2021-07-03,4.402948819034314
2021-07-04,4.402948819034314
2021-07-05,4.402948819034314
2021-07-06,4.402948819034314
2021-07-07,4.402948819034314
2021-07-08,4.402948819034314
2021-07-09,4.402948819034314
2021-07-10,4.402948819034314
2021-07-11,4.402948819034314
2021-07-12,4.402948819034314
2021-07-13,4.402948819034314
2021-07-14,4.402948819034314
2021-07-15,4.402948819034314
2021-07-16,4.402948819034314
2021-07-17,4.402948819034314
2021-07-18,4.402948819034314
2021-07-19,4.402948819034314
2021-07-20,4.402948819034314
2021-07-21,4.402948819034314
2021-07-22,4.402948819034314
2021-07-23,4.402948819034314
2021-07-24,4.402948819034314
2021-07-25,4.402948819034314
2021-07-26,4.402948819034314
2021-07-27,4.402948819034314
2021-07-28,4.402948819034314
2021-07-29,4.402948819034314
2021-07-30,4.402948819034314
2021-07-31,4.402948819034314
2021-08-01,4.402948819034314
2021-08-02,4.402948819034314
2021-08-03,4.402948819034314
2021-08-04,4.402948819034314
2021-08-05,4.402948819034314
2021-08-06,4.402948819034314
2021-08-07,4.402948819034314
2021-08-08,4.402948819034314
2021-08-09,4.402948819034314
2021-08-10,4.402948819034314
2021-08-11,4.402948819034314
2021-08-12,4.402948819034314
2021-08-13,4.667884724031346
2021-08-14,4.667884724031346
2021-08-15,4.667884724031346
2021-08-16,4.667884724031346
2021-08-17,4.667884724031346
2021-08-18,4.667884724031346
2021-08-19,4.667884724031346
2021-08-20,4.667884724031346
2021-08-21,4.667884724031346
2021-08-22,4.667884724031346
2021-08-23,4.667884724031346
2021-08-24,4.667884724031346
2021-08-25,4.667884724031346
2021-08-26,4.667884724031346
2021-08-27,4.667884724031346
2021-08-28,4.667884724031346
2021-08-29,4.667884724031346
2021-08-30,4.667884724031346
2021-08-31,4.667884724031346
2021-09-01,4.667884724031346
2021-09-02,4.667884724031346
2021-09-03,4.667884724031346
2021-09-04,4.667884724031346
2021-09-05,4.667884724031346
2021-09-06,4.667884724031346
2021-09-07,4.667884724031346
2021-09-08,4.667884724031346
2021-09-09,4.667884724031346
2021-09-10,4.667884724031346
2021-09-11,4.667884724031346
2021-09-12,4.667884724031346
2021-09-13,4.667884724031346
2021-09-14,4.667884724031346
2021-09-15,4.667884724031346
2021-09-16,4.667884724031346
2021-09-17,4.667884724031346
2021-09-18,4.667884724031346
2021-09-19,4.667884724031346
2021-09-20,4.667884724031346
2021-09-21,4.667884724031346
2021-09-22,4.667884724031346
2021-09-23,4.667884724031346
2021-09-24,4.667884724031346
2021-09-25,4.667884724031346
2021-09-26,4.667884724031346
2021-09-27,4.667884724031346
2021-09-28,4.667884724031346
2021-09-29,4.667884724031346
2021-09-30,4.667884724031346
2021-10-01,4.933491091354236
2021-10-02,4.933491091354236
2021-10-03,4.933491091354236
2021-10-04,4.933491091354236
2021-10-05,4.933491091354236
2021-10-06,4.933491091354236
2021-10-07,4.933491091354236
2021-10-08,4.933491091354236
2021-10-09,4.933491091354236
2021-10-10,4.933491091354236
2021-10-11,4.933491091354236
2021-10-12,4.933491091354236
2021-10-13,4.933491091354236
2021-10-14,4.933491091354236
2021-10-15,4.933491091354236
2021-10-16,4.933491091354236
2021-10-17,4.933491091354236
2021-10-18,4.933491091354236
2021-10-19,4.933491091354236
2021-10-20,4.933491091354236
2021-10-21,4.933491091354236
2021-10-22,4.933491091354236
2021-10-23,4.933491091354236
2021-10-24,4.933491091354236
2021-10-25,4.933491091354236
2021-10-26,4.933491091354236
2021-10-27,4.933491091354236
2021-10-28,4.933491091354236
2021-10-29,4.933491091354236
2021-10-30,4.933491091354236
2021-10-31,4.933491091354236
2021-11-01,4.933491091354236
2021-11-02,4.933491091354236
2021-11-03,4.933491091354236
2021-11-04,4.933491091354236
2021-11-05,4.933491091354236
2021-11-06,4.933491091354236
2021-11-07,4.933491091354236
2021-11-08,4.933491091354236
2021-11-09,4.933491091354236
2021-11-10,4.933491091354236
2021-11-11,4.933491091354236
2021-11-12,5.199769613024108
2021-11-13,5.199769613024108
2021-11-14,5.199769613024108
2021-11-15,5.199769613024108
2021-11-16,5.199769613024108
2021-11-17,5.199769613024108
2021-11-18,5.199769613024108
2021-11-19,5.199769613024108
2021-11-20,5.199769613024108
2021-11-21,5.199769613024108
2021-11-22,5.199769613024108
2021-11-23,5.199769613024108
2021-11-24,5.199769613024108
2021-11-25,5.199769613024108
2021-11-26,5.199769613024108
2021-11-27,5.199769613024108
2021-11-28,5.199769613024108
2021-11-29,5.199769613024108
2021-11-30,5.199769613024108
2021-12-01,5.199769613024108
2021-12-02,5.199769613024108
2021-12-03,5.199769613024108
2021-12-04,5.199769613024108
2021-12-05,5.199769613024108
2021-12-06,5.199769613024108
2021-12-07,5.199769613024108
2021-12-08,5.199769613024108
2021-12-09,5.199769613024108
2021-12-10,5.199769613024108
2021-12-11,5.199769613024108
2021-12-12,5.199769613024108
2021-12-13,5.199769613024108
2021-12-14,5.199769613024108
2021-12-15,5.199769613024108
2021-12-16,5.199769613024108
2021-12-17,5.734349908885505
2021-12-18,5.734349908885505
2021-12-19,5.734349908885505
2021-12-20,5.734349908885505
2021-12-21,5.734349908885505
2021-12-22,5.734349908885505
2021-12-23,5.734349908885505
2021-12-24,5.734349908885505
2021-12-25,5.734349908885505
2021-12-26,5.734349908885505
2021-12-27,5.734349908885505
2021-12-28,5.734349908885505
2021-12-29,5.734349908885505
2021-12-30,5.734349908885505
2021-12-31,5.734349908885505
2022-01-01,5.734349908885505
2022-01-02,5.734349908885505
2022-01-03,5.734349908885505
2022-01-04,5.734349908885505
2022-01-05,5.734349908885505
2022-01-06,5.734349908885505
2022-01-07,5.734349908885505
2022-01-08,5.734349908885505
2022-01-09,5.734349908885505
2022-01-10,5.734349908885505
2022-01-11,5.734349908885505
2022-01-12,5.734349908885505
2022-01-13,5.734349908885505
2022-01-14,5.734349908885505
2022-01-15,5.734349908885505
2022-01-16,5.734349908885505
2022-01-17,5.734349908885505
2022-01-18,5.734349908885505
2022-01-19,5.734349908885505
2022-01-20,5.734349908885505
2022-01-21,5.734349908885505
2022-01-22,5.734349908885505
2022-01-23,5.734349908885505
2022-01-24,5.734349908885505
2022-01-25,5.734349908885505
2022-01-26,5.734349908885505
2022-01-27,5.734349908885505
2022-01-28,5.734349908885505
2022-01-29,5.734349908885505
2022-01-30,5.734349908885505
2022-01-31,5.734349908885505
2022-02-01,5.734349908885505
2022-02-02,5.734349908885505
2022-02-03,5.734349908885505
2022-02-04,5.734349908885505
2022-02-05,5.734349908885505
2022-02-06,5.734349908885505
2022-02-07,5.734349908885505
2022-02-08,5.734349908885505
2022-02-09,5.734349908885505
2022-02-10,5.734349908885505
2022-02-11,6.271639233298121
2022-02-12,6.271639233298121
2022-02-13,6.271639233298121
2022-02-14,6.271639233298121
2022-02-15,6.271639233298121
2022-02-16,6.271639233298121
2022-02-17,6.271639233298121
2022-02-18,6.271639233298121
2022-02-19,6.271639233298121
2022-02-20,6.271639233298121
2022-02-21,6.271639233298121
2022-02-22,6.271639233298121
2022-02-23,6.271639233298121
2022-02-24,6.271639233298121
2022-02-25,6.271639233298121
2022-02-26,6.271639233298121
2022-02-27,6.271639233298121
2022-02-28,6.271639233298121
2022-03-01,6.271639233298121
2022-03-02,6.271639233298121
2022-03-03,6.271639233298121
2022-03-04,6.271639233298121
2022-03-05,6.271639233298121
2022-03-06,6.271639233298121
2022-03-07,6.271639233298121
2022-03-08,6.271639233298121
2022-03-09,6.271639233298121
2022-03-10,6.271639233298121
2022-03-11,6.271639233298121
2022-03-12,6.271639233298121
2022-03-13,6.271639233298121
2022-03-14,6.271639233298121
2022-03-15,6.271639233298121
2022-03-16,6.271639233298121
2022-03-17,6.271639233298121
2022-03-18,6.271639233298121
2022-03-19,6.271639233298121
2022-03-20,6.271639233298121
2022-03-21,6.271639233298121
2022-03-22,6.271639233298121
2022-03-23,6.271639233298121
2022-03-24,6.271639233298121
2022-03-25,6.811651276567532
2022-03-26,6.811651276567532
2022-03-27,6.811651276567532
2022-03-28,6.811651276567532
2022-03-29,6.811651276567532
2022-03-30,6.811651276567532
2022-03-31,6.811651276567532
2022-04-01,6.811651276567532
2022-04-02,6.811651276567532
2022-04-03,6.811651276567532
2022-04-04,6.811651276567532
2022-04-05,6.811651276567532
2022-04-06,6.811651276567532
2022-04-07,6.811651276567532
2022-04-08,6.811651276567532
2022-04-09,6.811651276567532
2022-04-11,6.811651276567532
2022-04-12,6.811651276567532
2022-04-13,6.811651276567532
2022-04-14,6.811651276567532
2022-04-15,6.811651276567532
2022-04-16,6.811651276567532
2022-04-17,6.811651276567532
2022-04-18,6.811651276567532
2022-04-19,6.811651276567532
2022-04-20,6.811651276567532
2022-04-21,6.811651276567532
2022-04-22,6.811651276567532
2022-04-23,6.811651276567532
2022-04-24,6.811651276567532
2022-04-25,6.811651276567532
2022-04-26,6.811651276567532
2022-04-27,6.811651276567532
2022-04-28,6.811651276567532
2022-04-29,6.811651276567532
2022-04-30,6.811651276567532
2022-05-01,6.811651276567532
2022-05-02,6.811651276567532
2022-05-03,6.811651276567532
2022-05-04,6.811651276567532
2022-05-05,6.811651276567532
2022-05-06,6.811651276567532
2022-05-07,6.811651276567532
2022-05-08,6.811651276567532
2022-05-09,6.811651276567532
2022-05-10,6.811651276567532
2022-05-11,6.811651276567532
2022-05-12,6.811651276567532
2022-05-13,7.35439979799275
2022-05-14,7.35439979799275
2022-05-15,7.35439979799275
2022-05-16,7.35439979799275
2022-05-17,7.35439979799275
2022-05-18,7.35439979799275
2022-05-19,7.35439979799275
2022-05-20,7.35439979799275
2022-05-21,7.35439979799275
2022-05-22,7.35439979799275
2022-05-23,7.35439979799275
2022-05-24,7.35439979799275
2022-05-25,7.35439979799275
2022-05-26,7.35439979799275
2022-05-27,7.35439979799275
2022-05-28,7.35439979799275
2022-05-29,7.35439979799275
2022-05-30,7.35439979799275
2022-05-31,7.35439979799275
2022-06-01,7.35439979799275
2022-06-02,7.35439979799275
2022-06-03,7.35439979799275
2022-06-04,7.35439979799275
2022-06-05,7.35439979799275
2022-06-06,7.35439979799275
2022-06-07,7.35439979799275
2022-06-08,7.35439979799275
2022-06-09,7.35439979799275
2022-06-10,7.35439979799275
2022-06-11,7.35439979799275
2022-06-12,7.35439979799275
2022-06-13,7.35439979799275
2022-06-14,7.35439979799275
2022-06-15,7.35439979799275
2022-06-16,7.35439979799275
2022-06-17,7.35439979799275
2022-06-18,7.35439979799275
2022-06-19,7.35439979799275
2022-06-20,7.35439979799275
2022-06-21,7.35439979799275
2022-06-22,7.35439979799275
2022-06-23,7.35439979799275
2022-06-24,8.17368374591152
2022-06-25,8.17368374591152
2022-06-26,8.17368374591152
2022-06-27,8.17368374591152
2022-06-28,8.17368374591152
2022-06-29,8.17368374591152
2022-06-30,8.17368374591152
2022-07-01,8.17368374591152
2022-07-02,8.17368374591152
2022-07-03,8.17368374591152
2022-07-04,8.17368374591152
2022-07-05,8.17368374591152
2022-07-06,8.17368374591152
2022-07-07,8.17368374591152
2022-07-08,8.17368374591152
2022-07-09,8.17368374591152
2022-07-10,8.17368374591152
2022-07-11,8.17368374591152
2022-07-12,8.17368374591152
2022-07-13,8.17368374591152
2022-07-14,8.17368374591152
2022-07-15,8.17368374591152
2022-07-16,8.17368374591152
2022-07-17,8.17368374591152
2022-07-18,8.17368374591152
2022-07-19,8.17368374591152
2022-07-20,8.17368374591152
2022-07-21,8.17368374591152
2022-07-22,8.17368374591152
2022-07-23,8.17368374591152
2022-07-24,8.17368374591152
2022-07-25,8.17368374591152
2022-07-26,8.17368374591152
2022-07-27,8.17368374591152
2022-07-28,8.17368374591152
2022-07-29,8.17368374591152
2022-07-30,8.17368374591152
2022-07-31,8.17368374591152
2022-08-01,8.17368374591152
2022-08-02,8.17368374591152
2022-08-03,8.17368374591152
2022-08-04,8.17368374591152
2022-08-05,8.17368374591152
2022-08-06,8.17368374591152
2022-08-07,8.17368374591152
2022-08-08,8.17368374591152
2022-08-09,8.17368374591152
2022-08-10,8.17368374591152
2022-08-11,8.17368374591152
2022-08-12,8.999202866548806
2022-08-13,8.999202866548806
2022-08-14,8.999202866548806
2022-08-15,8.999202866548806
2022-08-16,8.999202866548806
2022-08-17,8.999202866548806
2022-08-18,8.999202866548806
2022-08-19,8.999202866548806
2022-08-20,8.999202866548806
2022-08-21,8.999202866548806
2022-08-22,8.999202866548806
2022-08-23,8.999202866548806
2022-08-24,8.999202866548806
2022-08-25,8.999202866548806
2022-08-26,8.999202866548806
2022-08-27,8.999202866548806
2022-08-28,8.999202866548806
2022-08-29,8.999202866548806
2022-08-30,8.999202866548806
2022-08-31,8.999202866548806
2022-09-01,8.999202866548806
2022-09-02,8.999202866548806
2022-09-03,8.999202866548806
2022-09-04,8.999202866548806
2022-09-05,8.999202866548806
2022-09-06,8.999202866548806
2022-09-07,8.999202866548806
2022-09-08,8.999202866548806
2022-09-09,8.999202866548806
2022-09-10,8.999202866548806
2022-09-11,8.999202866548806
2022-09-12,8.999202866548806
2022-09-13,8.999202866548806
2022-09-14,8.999202866548806
2022-09-15,8.999202866548806
2022-09-16,8.999202866548806
2022-09-17,8.999202866548806
2022-09-18,8.999202866548806
2022-09-19,8.999202866548806
2022-09-20,8.999202866548806
2022-09-21,8.999202866548806
2022-09-22,8.999202866548806
2022-09-23,8.999202866548806
2022-09-24,8.999202866548806
2022-09-26,8.999202866548806
2022-09-27,8.999202866548806
2022-09-28,8.999202866548806
2022-09-29,8.999202866548806
2022-09-30,9.831004481425865
2022-10-01,9.831004481425865
2022-10-02,9.831004481425865
2022-10-03,9.831004481425865
2022-10-04,9.831004481425865
2022-10-05,9.831004481425865
2022-10-06,9.831004481425865
2022-10-07,9.831004481425865
2022-10-08,9.831004481425865
2022-10-09,9.831004481425865
2022-10-10,9.831004481425865
2022-10-11,9.831004481425865
2022-10-12,9.831004481425865
2022-10-13,9.831004481425865
2022-10-14,9.831004481425865
2022-10-15,9.831004481425865
2022-10-16,9.831004481425865
2022-10-17,9.831004481425865
2022-10-18,9.831004481425865
2022-10-19,9.831004481425865
2022-10-20,9.831004481425865
2022-10-21,9.831004481425865
2022-10-22,9.831004481425865
2022-10-23,9.831004481425865
2022-10-24,9.831004481425865
2022-10-25,9.831004481425865
2022-10-26,9.831004481425865
2022-10-27,9.831004481425865
2022-10-28,9.831004481425865
2022-10-29,9.831004481425865
2022-10-30,9.831004481425865
2022-10-31,9.831004481425865
2022-11-01,9.831004481425865
2022-11-02,9.831004481425865
2022-11-03,9.831004481425865
2022-11-04,9.831004481425865
2022-11-05,9.831004481425865
2022-11-06,9.831004481425865
2022-11-07,9.831004481425865
2022-11-08,9.831004481425865
2022-11-09,9.831004481425865
2022-11-10,9.831004481425865
2022-11-11,10.669136270211354
2022-11-12,10.669136270211354
2022-11-13,10.669136270211354
2022-11-14,10.669136270211354
2022-11-15,10.669136270211354
2022-11-16,10.669136270211354
2022-11-17,10.669136270211354
2022-11-18,10.669136270211354
2022-11-19,10.669136270211354
2022-11-20,10.669136270211354
2022-11-21,10.669136270211354
2022-11-22,10.669136270211354
2022-11-23,10.669136270211354
2022-11-24,10.669136270211354
2022-11-25,10.669136270211354
2022-11-26,10.669136270211354
2022-11-27,10.669136270211354
2022-11-28,10.669136270211354
2022-11-29,10.669136270211354
2022-11-30,10.669136270211354
2022-12-01,10.669136270211354
2022-12-02,10.669136270211354
2022-12-03,10.669136270211354
2022-12-04,10.669136270211354
2022-12-05,10.669136270211354
2022-12-06,10.669136270211354
2022-12-07,10.669136270211354
2022-12-08,10.669136270211354
2022-12-09,10.669136270211354
2022-12-10,10.669136270211354
2022-12-11,10.669136270211354
2022-12-12,10.669136270211354
2022-12-13,10.669136270211354
2022-12-14,10.669136270211354
2022-12-15,10.669136270211354
2022-12-16,11.23143126812607
2022-12-17,11.23143126812607
2022-12-18,11.23143126812607
2022-12-19,11.23143126812607
2022-12-20,11.23143126812607
2022-12-21,11.23143126812607
2022-12-22,11.23143126812607
2022-12-23,11.23143126812607
2022-12-24,11.23143126812607
2022-12-25,11.23143126812607
2022-12-26,11.23143126812607
2022-12-27,11.23143126812607
2022-12-28,11.23143126812607
2022-12-29,11.23143126812607
2022-12-30,11.23143126812607
2022-12-31,11.23143126812607
2023-01-01,11.23143126812607
2023-01-02,11.23143126812607
2023-01-03,11.23143126812607
2023-01-04,11.23143126812607
2023-01-05,11.23143126812607
2023-01-06,11.23143126812607
2023-01-07,11.23143126812607
2023-01-08,11.23143126812607
2023-01-09,11.23143126812607
2023-01-10,11.23143126812607
2023-01-11,11.23143126812607
2023-01-12,11.23143126812607
2023-01-13,11.23143126812607
2023-01-14,11.23143126812607
2023-01-15,11.23143126812607
2023-01-16,11.23143126812607
2023-01-17,11.23143126812607
2023-01-18,11.23143126812607
2023-01-19,11.23143126812607
2023-01-20,11.23143126812607
2023-01-21,11.23143126812607
2023-01-22,11.23143126812607
2023-01-23,11.23143126812607
2023-01-24,11.23143126812607
2023-01-25,11.23143126812607
2023-01-26,11.23143126812607
2023-01-27,11.23143126812607
2023-01-28,11.23143126812607
2023-01-29,11.23143126812607
2023-01-30,11.23143126812607
2023-01-31,11.23143126812607
2023-02-01,11.23143126812607
2023-02-02,11.23143126812607
2023-02-03,11.23143126812607
2023-02-04,11.23143126812607
2023-02-05,11.23143126812607
2023-02-06,11.23143126812607
2023-02-07,11.23143126812607
2023-02-08,11.23143126812607
2023-02-09,11.23143126812607
2023-02-10,11.796575344423154
2023-02-11,11.796575344423154
2023-02-12,11.796575344423154
2023-02-13,11.796575344423154
2023-02-14,11.796575344423154
2023-02-15,11.796575344423154
2023-02-16,11.796575344423154
2023-02-17,11.796575344423154
2023-02-18,11.796575344423154
2023-02-19,11.796575344423154
2023-02-20,11.796575344423154
2023-02-21,11.796575344423154
2023-02-22,11.796575344423154
2023-02-23,11.796575344423154
2023-02-24,11.796575344423154
2023-02-25,11.796575344423154
2023-02-26,11.796575344423154
2023-02-27,11.796575344423154
2023-02-28,11.796575344423154
2023-03-01,11.796575344423154
2023-03-02,11.796575344423154
2023-03-03,11.796575344423154
2023-03-04,11.796575344423154
2023-03-05,11.796575344423154
2023-03-06,11.796575344423154
2023-03-07,11.796575344423154
2023-03-08,11.796575344423154
2023-03-09,11.796575344423154
2023-03-10,11.796575344423154
2023-03-11,11.796575344423154
2023-03-12,11.796575344423154
2023-03-13,11.796575344423154
2023-03-14,11.796575344423154
2023-03-15,11.796575344423154
2023-03-16,11.796575344423154
2023-03-17,11.796575344423154
2023-03-18,11.796575344423154
2023-03-19,11.796575344423154
2023-03-20,11.796575344423154
2023-03-21,11.796575344423154
2023-03-22,11.796575344423154
2023-03-23,11.796575344423154
2023-03-24,11.796575344423154
2023-03-25,11.796575344423154
2023-03-26,11.796575344423154
2023-03-27,11.796575344423154
2023-03-28,11.796575344423154
2023-03-29,11.796575344423154
2023-03-30,11.796575344423154
2023-03-31,12.08022028289788
2023-04-01,12.08022028289788
2023-04-02,12.08022028289788
2023-04-03,12.08022028289788
2023-04-04,12.08022028289788
2023-04-05,12.08022028289788
2023-04-06,12.08022028289788
2023-04-07,12.08022028289788
2023-04-08,12.08022028289788
2023-04-09,12.08022028289788
2023-04-10,12.08022028289788
2023-04-11,12.08022028289788
2023-04-12,12.08022028289788
2023-04-13,12.08022028289788
2023-04-14,12.08022028289788
2023-04-15,12.08022028289788
2023-04-16,12.08022028289788
2023-04-17,12.08022028289788
2023-04-18,12.08022028289788
2023-04-19,12.08022028289788
2023-04-20,12.08022028289788
2023-04-21,12.08022028289788
2023-04-22,12.08022028289788
2023-04-23,12.08022028289788
2023-04-24,12.08022028289788
2023-04-25,12.08022028289788
2023-04-26,12.08022028289788
2023-04-27,12.08022028289788
2023-04-28,12.08022028289788
2023-04-29,12.08022028289788
2023-04-30,12.08022028289788
2023-05-01,12.08022028289788
2023-05-02,12.08022028289788
2023-05-03,12.08022028289788
2023-05-04,12.08022028289788
2023-05-05,12.08022028289788
2023-05-06,12.08022028289788
2023-05-07,12.08022028289788
2023-05-08,12.08022028289788
2023-05-09,12.08022028289788
2023-05-10,12.08022028289788
2023-05-11,12.08022028289788
2023-05-12,12.08022028289788
2023-05-13,12.08022028289788
2023-05-14,12.08022028289788
2023-05-15,12.08022028289788
2023-05-16,12.08022028289788
2023-05-17,12.08022028289788
2023-05-18,12.08022028289788
2023-05-19,12.08022028289788
2023-05-20,12.08022028289788
2023-05-21,12.08022028289788
2023-05-22,12.08022028289788
2023-05-23,12.08022028289788
2023-05-24,12.08022028289788
2023-05-25,12.08022028289788
2023-05-26,12.08022028289788
2023-05-27,12.08022028289788
2023-05-28,12.08022028289788
2023-05-29,12.08022028289788
2023-05-30,12.08022028289788
2023-05-31,12.08022028289788
2023-06-01,12.08022028289788
2023-06-02,12.08022028289788
2023-06-03,12.08022028289788
2023-06-04,12.08022028289788
2023-06-05,12.08022028289788
2023-06-06,12.08022028289788
2023-06-07,12.08022028289788
2023-06-08,12.08022028289788
2023-06-09,12.08022028289788
2023-06-10,12.08022028289788
2023-06-11,12.08022028289788
2023-06-12,12.08022028289788
2023-06-13,12.08022028289788
2023-06-14,12.08022028289788
2023-06-15,12.08022028289788
2023-06-16,12.08022028289788
2023-06-17,12.08022028289788
2023-06-18,12.08022028289788
2023-06-19,12.08022028289788
2023-06-20,12.08022028289788
2023-06-21,12.08022028289788
2023-06-22,12.08022028289788
2023-06-23,12.08022028289788
2023-06-24,12.08022028289788
2023-06-25,12.08022028289788
2023-06-26,12.08022028289788
2023-06-27,12.08022028289788
2023-06-28,12.08022028289788
2023-06-29,12.08022028289788
2023-06-30,12.08022028289788
2023-07-01,12.08022028289788
2023-07-02,12.08022028289788
2023-07-03,12.08022028289788
2023-07-04,12.08022028289788
2023-07-05,12.08022028289788
2023-07-06,12.08022028289788
2023-07-07,12.08022028289788
2023-07-08,12.08022028289788
2023-07-09,12.08022028289788
2023-07-10,12.08022028289788
2023-07-11,12.08022028289788
2023-07-12,12.08022028289788
2023-07-13,12.08022028289788
2023-07-14,12.08022028289788
2023-07-15,12.08022028289788
2023-07-16,12.08022028289788
2023-07-17,12.08022028289788
2023-07-18,12.08022028289788
2023-07-19,12.08022028289788
2023-07-20,12.08022028289788
2023-07-21,12.08022028289788
2023-07-22,12.08022028289788
2023-07-23,12.08022028289788
2023-07-24,12.08022028289788
2023-07-25,12.08022028289788
2023-07-26,12.08022028289788
2023-07-27,12.08022028289788
2023-07-28,12.08022028289788
2023-07-29,12.08022028289788
2023-07-30,12.08022028289788
2023-07-31,12.08022028289788
2023-08-01,12.08022028289788
2023-08-02,12.08022028289788
2023-08-03,12.08022028289788
2023-08-04,12.08022028289788
2023-08-05,12.08022028289788
2023-08-06,12.08022028289788
2023-08-07,12.08022028289788
2023-08-08,12.08022028289788
2023-08-09,12.08022028289788
2023-08-10,12.08022028289788
2023-08-11,12.08022028289788
2023-08-12,12.08022028289788
2023-08-14,12.08022028289788
2023-08-15,12.08022028289788
2023-08-16,12.08022028289788
2023-08-17,12.08022028289788
2023-08-18,12.08022028289788
2023-08-19,12.08022028289788
2023-08-20,12.08022028289788
2023-08-21,12.08022028289788
2023-08-22,12.08022028289788
2023-08-23,12.08022028289788
2023-08-24,12.08022028289788
2023-08-25,12.08022028289788
2023-08-26,12.08022028289788
2023-08-27,12.08022028289788
2023-08-28,12.08022028289788
2023-08-29,12.08022028289788
2023-08-30,12.08022028289788
2023-08-31,12.08022028289788
2023-09-01,12.08022028289788
2023-09-02,12.08022028289788
2023-09-03,12.08022028289788
2023-09-04,12.08022028289788
2023-09-05,12.08022028289788
2023-09-06,12.08022028289788
2023-09-07,12.08022028289788
2023-09-08,12.08022028289788
2023-09-09,12.08022028289788
2023-09-10,12.08022028289788
2023-09-11,12.08022028289788
2023-09-12,12.08022028289788
2023-09-13,12.08022028289788
2023-09-14,12.08022028289788
2023-09-15,12.08022028289788
2023-09-16,12.08022028289788
2023-09-17,12.08022028289788
2023-09-18,12.08022028289788
2023-09-19,12.08022028289788
2023-09-20,12.08022028289788
2023-09-21,12.08022028289788
2023-09-22,12.08022028289788
2023-09-23,12.08022028289788
2023-09-24,12.08022028289788
2023-09-25,12.08022028289788
2023-09-26,12.08022028289788
2023-09-27,12.08022028289788
2023-09-28,12.08022028289788
2023-09-29,12.08022028289788
2023-09-30,12.08022028289788
2023-10-01,12.08022028289788
2023-10-02,12.08022028289788
2023-10-03,12.08022028289788
2023-10-04,12.08022028289788
2023-10-05,12.08022028289788
2023-10-06,12.08022028289788
2023-10-07,12.08022028289788
2023-10-08,12.08022028289788
2023-10-09,12.08022028289788
2023-10-10,12.08022028289788
2023-10-11,12.08022028289788
2023-10-12,12.08022028289788
2023-10-13,12.08022028289788
2023-10-14,12.08022028289788
2023-10-15,12.08022028289788
2023-10-16,12.08022028289788
2023-10-17,12.08022028289788
2023-10-18,12.08022028289788
2023-10-19,12.08022028289788
2023-10-20,12.08022028289788
2023-10-21,12.08022028289788
2023-10-22,12.08022028289788
2023-10-23,12.08022028289788
2023-10-24,12.08022028289788
2023-10-25,12.08022028289788
2023-10-26,12.08022028289788
2023-10-27,12.08022028289788
2023-10-28,12.08022028289788
2023-10-29,12.08022028289788
2023-10-30,12.08022028289788
2023-10-31,12.08022028289788
2023-11-01,12.08022028289788
2023-11-02,12.08022028289788
2023-11-03,12.08022028289788
2023-11-04,12.08022028289788
2023-11-05,12.08022028289788
2023-11-06,12.08022028289788
2023-11-07,12.08022028289788
2023-11-08,12.08022028289788
2023-11-09,12.08022028289788
2023-11-10,12.08022028289788
2023-11-11,12.08022028289788
2023-11-12,12.08022028289788
2023-11-13,12.08022028289788
2023-11-14,12.08022028289788
2023-11-15,12.08022028289788
2023-11-16,12.08022028289788
2023-11-17,12.08022028289788
2023-11-18,12.08022028289788
2023-11-19,12.08022028289788
2023-11-20,12.08022028289788
2023-11-21,12.08022028289788
2023-11-22,12.08022028289788
2023-11-23,12.08022028289788
2023-11-24,12.08022028289788
2023-11-25,12.08022028289788
2023-11-26,12.08022028289788
2023-11-27,12.08022028289788
2023-11-28,12.08022028289788
2023-11-29,12.08022028289788
2023-11-30,12.08022028289788
2023-12-01,12.08022028289788
2023-12-02,12.08022028289788
2023-12-03,12.08022028289788
2023-12-04,12.08022028289788
2023-12-05,12.08022028289788
2023-12-06,12.08022028289788
2023-12-07,12.08022028289788
2023-12-08,12.08022028289788
2023-12-09,12.08022028289788
2023-12-10,12.08022028289788
2023-12-11,12.08022028289788
2023-12-12,12.08022028289788
2023-12-13,12.08022028289788
2023-12-14,12.08022028289788
2023-12-15,12.08022028289788
2023-12-16,12.08022028289788
2023-12-17,12.08022028289788
2023-12-18,12.08022028289788
2023-12-19,12.08022028289788
2023-12-20,12.08022028289788
2023-12-21,12.08022028289788
2023-12-22,12.08022028289788
2023-12-23,12.08022028289788
2023-12-24,12.08022028289788
2023-12-25,12.08022028289788
2023-12-26,12.08022028289788
2023-12-27,12.08022028289788
2023-12-28,12.08022028289788
2023-12-29,12.08022028289788
2023-12-30,12.08022028289788
2023-12-31,12.08022028289788
2024-01-01,12.08022028289788
2024-01-02,12.08022028289788
2024-01-03,12.08022028289788
2024-01-04,12.08022028289788
2024-01-05,12.08022028289788
2024-01-06,12.08022028289788
2024-01-07,12.08022028289788
2024-01-08,12.08022028289788
2024-01-09,12.08022028289788
2024-01-10,12.08022028289788
2024-01-11,12.08022028289788
2024-01-12,12.08022028289788
2024-01-13,12.08022028289788
2024-01-14,12.08022028289788
2024-01-15,12.08022028289788
2024-01-16,12.08022028289788
2024-01-17,12.08022028289788
2024-01-18,12.08022028289788
2024-01-19,12.08022028289788
2024-01-20,12.08022028289788
2024-01-21,12.08022028289788
2024-01-22,12.08022028289788
2024-01-23,12.08022028289788
2024-01-24,12.08022028289788
2024-01-25,12.08022028289788
2024-01-26,12.08022028289788
2024-01-27,12.08022028289788
2024-01-28,12.08022028289788
2024-01-29,12.08022028289788
2024-01-30,12.08022028289788
2024-01-31,12.08022028289788
2024-02-01,12.08022028289788
2024-02-02,12.08022028289788
2024-02-03,12.08022028289788
2024-02-04,12.08022028289788
2024-02-05,12.08022028289788
2024-02-06,12.08022028289788
2024-02-07,12.08022028289788
2024-02-08,12.08022028289788
2024-02-09,12.08022028289788
2024-02-10,12.08022028289788
2024-02-11,12.08022028289788
2024-02-12,12.08022028289788
2024-02-13,12.08022028289788
2024-02-14,12.08022028289788
2024-02-15,12.08022028289788
2024-02-16,12.08022028289788
2024-02-17,12.08022028289788
2024-02-18,12.08022028289788
2024-02-19,12.08022028289788
2024-02-20,12.08022028289788
2024-02-21,12.08022028289788
2024-02-22,12.08022028289788
2024-02-23,12.08022028289788
2024-02-24,12.08022028289788
2024-02-25,12.08022028289788
2024-02-26,12.08022028289788
2024-02-27,12.08022028289788
2024-02-28,12.08022028289788
2024-02-29,12.08022028289788
2024-03-01,12.08022028289788
2024-03-02,12.08022028289788
2024-03-03,12.08022028289788
2024-03-04,12.08022028289788
2024-03-05,12.08022028289788
2024-03-06,12.08022028289788
2024-03-07,12.08022028289788
2024-03-08,12.08022028289788
2024-03-09,12.08022028289788
2024-03-10,12.08022028289788
2024-03-11,12.08022028289788
2024-03-12,12.08022028289788
2024-03-13,12.08022028289788
2024-03-14,12.08022028289788
2024-03-15,12.08022028289788
2024-03-16,12.08022028289788
2024-03-17,12.08022028289788
2024-03-18,12.08022028289788
2024-03-19,12.08022028289788
2024-03-20,12.08022028289788
2024-03-21,12.08022028289788
2024-03-22,11.796575344423154
2024-03-23,11.796575344423154
2024-03-24,11.796575344423154
2024-03-25,11.796575344423154
2024-03-26,11.796575344423154
2024-03-27,11.796575344423154
2024-03-28,11.796575344423154
2024-03-29,11.796575344423154
2024-03-30,11.796575344423154
2024-03-31,11.796575344423154
2024-04-01,11.796575344423154
2024-04-02,11.796575344423154
2024-04-03,11.796575344423154
2024-04-04,11.796575344423154
2024-04-05,11.796575344423154
2024-04-06,11.796575344423154
2024-04-07,11.796575344423154
2024-04-08,11.796575344423154
2024-04-09,11.796575344423154
2024-04-10,11.796575344423154
2024-04-11,11.796575344423154
2024-04-12,11.796575344423154
2024-04-13,11.796575344423154
2024-04-14,11.796575344423154
2024-04-15,11.796575344423154
2024-04-16,11.796575344423154
2024-04-17,11.796575344423154
2024-04-18,11.796575344423154
2024-04-19,11.796575344423154
2024-04-20,11.796575344423154
2024-04-21,11.796575344423154
2024-04-22,11.796575344423154
2024-04-23,11.796575344423154
2024-04-24,11.796575344423154
2024-04-25,11.796575344423154
2024-04-26,11.796575344423154
2024-04-27,11.796575344423154
2024-04-28,11.796575344423154
2024-04-29,11.796575344423154
2024-04-30,11.796575344423154
2024-05-01,11.796575344423154
2024-05-02,11.796575344423154
2024-05-03,11.796575344423154
2024-05-04,11.796575344423154
2024-05-05,11.796575344423154
2024-05-06,11.796575344423154
2024-05-07,11.796575344423154
2024-05-08,11.796575344423154
2024-05-09,11.796575344423154
2024-05-10,11.796575344423154
2024-05-11,11.796575344423154
2024-05-12,11.796575344423154
2024-05-13,11.796575344423154
2024-05-14,11.796575344423154
2024-05-15,11.796575344423154
2024-05-16,11.796575344423154
2024-05-17,11.796575344423154
2024-05-18,11.796575344423154
2024-05-20,11.796575344423154
2024-05-21,11.796575344423154
2024-05-22,11.796575344423154
2024-05-23,11.796575344423154
2024-05-24,11.796575344423154
2024-05-25,11.796575344423154
2024-05-26,11.796575344423154
2024-05-27,11.796575344423154
2024-05-28,11.796575344423154
2024-05-29,11.796575344423154
2024-05-30,11.796575344423154
2024-05-31,11.796575344423154
2024-06-01,11.796575344423154
2024-06-02,11.796575344423154
2024-06-03,11.796575344423154
2024-06-04,11.796575344423154
2024-06-05,11.796575344423154
2024-06-06,11.796575344423154
2024-06-07,11.796575344423154
2024-06-08,11.796575344423154
2024-06-09,11.796575344423154
2024-06-10,11.796575344423154
2024-06-11,11.796575344423154
2024-06-12,11.796575344423154
2024-06-13,11.796575344423154
2024-06-14,11.796575344423154
2024-06-15,11.796575344423154
2024-06-16,11.796575344423154
2024-06-17,11.796575344423154
2024-06-18,11.796575344423154
2024-06-19,11.796575344423154
2024-06-20,11.796575344423154
2024-06-21,11.796575344423154
2024-06-22,11.796575344423154
2024-06-23,11.796575344423154
2024-06-24,11.796575344423154
2024-06-25,11.796575344423154
2024-06-26,11.796575344423154
2024-06-27,11.796575344423154
2024-06-28,11.796575344423154
2024-06-29,11.796575344423154
2024-06-30,11.796575344423154
2024-07-01,11.796575344423154
2024-07-02,11.796575344423154
2024-07-03,11.796575344423154
2024-07-04,11.796575344423154
2024-07-05,11.796575344423154
2024-07-06,11.796575344423154
2024-07-07,11.796575344423154
2024-07-08,11.796575344423154
2024-07-09,11.796575344423154
2024-07-10,11.796575344423154
2024-07-11,11.796575344423154
2024-07-12,11.796575344423154
2024-07-13,11.796575344423154
2024-07-14,11.796575344423154
2024-07-15,11.796575344423154
2024-07-16,11.796575344423154
2024-07-17,11.796575344423154
2024-07-18,11.796575344423154
2024-07-19,11.796575344423154
2024-07-20,11.796575344423154
2024-07-21,11.796575344423154
2024-07-22,11.796575344423154
2024-07-23,11.796575344423154
2024-07-24,11.796575344423154
2024-07-25,11.796575344423154
2024-07-26,11.796575344423154
2024-07-27,11.796575344423154
2024-07-28,11.796575344423154
2024-07-29,11.796575344423154
2024-07-30,11.796575344423154
2024-07-31,11.796575344423154
2024-08-01,11.796575344423154
2024-08-02,11.796575344423154
2024-08-03,11.796575344423154
2024-08-04,11.796575344423154
2024-08-05,11.796575344423154
2024-08-06,11.796575344423154
2024-08-07,11.796575344423154
2024-08-08,11.796575344423154
2024-08-09,11.51364627342435
2024-08-10,11.51364627342435
2024-08-12,11.51364627342435
2024-08-13,11.51364627342435
2024-08-14,11.51364627342435
2024-08-15,11.51364627342435
2024-08-16,11.51364627342435
2024-08-17,11.51364627342435
2024-08-18,11.51364627342435
2024-08-19,11.51364627342435
2024-08-20,11.51364627342435
2024-08-21,11.51364627342435
2024-08-22,11.51364627342435
2024-08-23,11.51364627342435
2024-08-24,11.51364627342435
2024-08-25,11.51364627342435
2024-08-26,11.51364627342435
2024-08-27,11.51364627342435
2024-08-28,11.51364627342435
2024-08-29,11.51364627342435
2024-08-30,11.51364627342435
2024-08-31,11.51364627342435
2024-09-01,11.51364627342435
2024-09-02,11.51364627342435
2024-09-03,11.51364627342435
2024-09-04,11.51364627342435
2024-09-05,11.51364627342435
2024-09-06,11.51364627342435
2024-09-07,11.51364627342435
2024-09-08,11.51364627342435
2024-09-09,11.51364627342435
2024-09-10,11.51364627342435
2024-09-11,11.51364627342435
2024-09-12,11.51364627342435
2024-09-13,11.51364627342435
2024-09-14,11.51364627342435
2024-09-15,11.51364627342435
2024-09-16,11.51364627342435
2024-09-17,11.51364627342435
2024-09-18,11.51364627342435
2024-09-19,11.51364627342435
2024-09-20,11.51364627342435
2024-09-21,11.51364627342435
2024-09-22,11.51364627342435
2024-09-23,11.51364627342435
2024-09-24,11.51364627342435
2024-09-25,11.51364627342435
2024-09-26,11.51364627342435
2024-09-27,11.23143126812607
2024-09-28,11.23143126812607
2024-09-29,11.23143126812607
2024-09-30,11.23143126812607
2024-10-01,11.23143126812607
2024-10-02,11.23143126812607
2024-10-03,11.23143126812607
2024-10-04,11.23143126812607
2024-10-05,11.23143126812607
2024-10-06,11.23143126812607
2024-10-07,11.23143126812607
2024-10-08,11.23143126812607
2024-10-09,11.23143126812607
2024-10-10,11.23143126812607
2024-10-11,11.23143126812607
2024-10-12,11.23143126812607
2024-10-13,11.23143126812607
2024-10-14,11.23143126812607
2024-10-15,11.23143126812607
2024-10-16,11.23143126812607
2024-10-17,11.23143126812607
2024-10-18,11.23143126812607
2024-10-19,11.23143126812607
2024-10-20,11.23143126812607
2024-10-21,11.23143126812607
2024-10-22,11.23143126812607
2024-10-23,11.23143126812607
2024-10-24,11.23143126812607
2024-10-25,11.23143126812607
2024-10-26,11.23143126812607
2024-10-27,11.23143126812607
2024-10-28,11.23143126812607
2024-10-29,11.23143126812607
2024-10-30,11.23143126812607
2024-10-31,11.23143126812607
2024-11-01,11.23143126812607
2024-11-02,11.23143126812607
2024-11-03,11.23143126812607
2024-11-04,11.23143126812607
2024-11-05,11.23143126812607
2024-11-06,11.23143126812607
2024-11-07,11.23143126812607
2024-11-08,11.23143126812607
2024-11-09,11.23143126812607
2024-11-11,11.23143126812607
2024-11-12,11.23143126812607
2024-11-13,11.23143126812607
2024-11-14,11.23143126812607
2024-11-15,10.949928531302366
2024-11-16,10.949928531302366
2024-11-17,10.949928531302366
2024-11-18,10.949928531302366
2024-11-19,10.949928531302366
2024-11-20,10.949928531302366
2024-11-21,10.949928531302366
2024-11-22,10.949928531302366
2024-11-23,10.949928531302366
2024-11-24,10.949928531302366
2024-11-25,10.949928531302366
2024-11-26,10.949928531302366
2024-11-27,10.949928531302366
2024-11-28,10.949928531302366
2024-11-29,10.949928531302366
2024-11-30,10.949928531302366
2024-12-01,10.949928531302366
2024-12-02,10.949928531302366
2024-12-03,10.949928531302366
2024-12-04,10.949928531302366
2024-12-05,10.949928531302366
2024-12-06,10.949928531302366
2024-12-07,10.949928531302366
2024-12-08,10.949928531302366
2024-12-09,10.949928531302366
2024-12-10,10.949928531302366
2024-12-11,10.949928531302366
2024-12-12,10.949928531302366
2024-12-13,10.949928531302366
2024-12-14,10.949928531302366
2024-12-15,10.949928531302366
2024-12-16,10.949928531302366
2024-12-17,10.949928531302366
2024-12-18,10.949928531302366
2024-12-19,10.949928531302366
2024-12-20,10.669136270211354
2024-12-21,10.669136270211354
2024-12-22,10.669136270211354
2024-12-23,10.669136270211354
2024-12-24,10.669136270211354
2024-12-25,10.669136270211354
2024-12-26,10.669136270211354
2024-12-27,10.669136270211354
2024-12-28,10.669136270211354
2024-12-29,10.669136270211354
2024-12-30,10.669136270211354
2024-12-31,10.669136270211354
2025-01-01,10.669136270211354
2025-01-02,10.669136270211354
2025-01-03,10.669136270211354
2025-01-04,10.669136270211354
2025-01-05,10.669136270211354
2025-01-06,10.669136270211354
2025-01-07,10.669136270211354
2025-01-08,10.669136270211354
2025-01-09,10.669136270211354
2025-01-10,10.669136270211354
2025-01-11,10.669136270211354
2025-01-12,10.669136270211354
2025-01-13,10.669136270211354
2025-01-14,10.669136270211354
2025-01-15,10.669136270211354
2025-01-16,10.669136270211354
2025-01-17,10.669136270211354
2025-01-18,10.669136270211354
2025-01-19,10.669136270211354
2025-01-20,10.669136270211354
2025-01-21,10.669136270211354
2025-01-22,10.669136270211354
2025-01-23,10.669136270211354
2025-01-24,10.669136270211354
2025-01-25,10.669136270211354
2025-01-26,10.669136270211354
2025-01-27,10.669136270211354
2025-01-28,10.669136270211354
2025-01-29,10.669136270211354
2025-01-30,10.669136270211354
2025-01-31,10.669136270211354
2025-02-01,10.669136270211354
2025-02-02,10.669136270211354
2025-02-03,10.669136270211354
2025-02-04,10.669136270211354
2025-02-05,10.669136270211354
2025-02-06,10.669136270211354
2025-02-07,10.109676026774551
2025-02-08,10.109676026774551
2025-02-09,10.109676026774551
2025-02-10,10.109676026774551
2025-02-11,10.109676026774551
2025-02-12,10.109676026774551
2025-02-13,10.109676026774551
2025-02-14,10.109676026774551
2025-02-15,10.109676026774551
2025-02-16,10.109676026774551
2025-02-17,10.109676026774551
2025-02-18,10.109676026774551
2025-02-19,10.109676026774551
2025-02-20,10.109676026774551
2025-02-21,10.109676026774551
2025-02-22,10.109676026774551
2025-02-23,10.109676026774551
2025-02-24,10.109676026774551
2025-02-25,10.109676026774551
2025-02-26,10.109676026774551
2025-02-27,10.109676026774551
2025-02-28,10.109676026774551
2025-03-01,10.109676026774551
2025-03-02,10.109676026774551
2025-03-03,10.109676026774551
2025-03-04,10.109676026774551
2025-03-05,10.109676026774551
2025-03-06,10.109676026774551
2025-03-07,10.109676026774551
2025-03-08,10.109676026774551
2025-03-09,10.109676026774551
2025-03-10,10.109676026774551
2025-03-11,10.109676026774551
2025-03-12,10.109676026774551
2025-03-13,10.109676026774551
2025-03-14,10.109676026774551
2025-03-15,10.109676026774551
2025-03-16,10.109676026774551
2025-03-17,10.109676026774551
2025-03-18,10.109676026774551
2025-03-19,10.109676026774551
2025-03-20,10.109676026774551
2025-03-21,10.109676026774551
2025-03-22,10.109676026774551
2025-03-23,10.109676026774551
2025-03-24,10.109676026774551
2025-03-25,10.109676026774551
2025-03-26,10.109676026774551
2025-03-27,10.109676026774551
2025-03-28,9.553036285763717
2025-03-29,9.553036285763717
2025-03-30,9.553036285763717
2025-03-31,9.553036285763717
2025-04-01,9.553036285763717
2025-04-02,9.553036285763717
2025-04-03,9.553036285763717
2025-04-04,9.553036285763717
2025-04-05,9.553036285763717
2025-04-06,9.553036285763717
2025-04-07,9.553036285763717
2025-04-08,9.553036285763717
2025-04-09,9.553036285763717
2025-04-10,9.553036285763717
2025-04-11,9.553036285763717
2025-04-12,9.553036285763717
2025-04-13,9.553036285763717
2025-04-14,9.553036285763717
2025-04-15,9.553036285763717
2025-04-16,9.553036285763717
2025-04-17,9.553036285763717
2025-04-18,9.553036285763717
2025-04-19,9.553036285763717
2025-04-20,9.553036285763717
2025-04-21,9.553036285763717
2025-04-22,9.553036285763717
2025-04-23,9.553036285763717
2025-04-24,9.553036285763717
2025-04-25,9.553036285763717
2025-04-26,9.553036285763717
2025-04-27,9.553036285763717
2025-04-28,9.553036285763717
2025-04-29,9.553036285763717
2025-04-30,9.553036285763717
2025-05-01,9.553036285763717
2025-05-02,9.553036285763717
2025-05-03,9.553036285763717
2025-05-04,9.553036285763717
2025-05-05,9.553036285763717
2025-05-06,9.553036285763717
2025-05-07,9.553036285763717
2025-05-08,9.553036285763717
2025-05-09,9.553036285763717
2025-05-10,9.553036285763717
2025-05-11,9.553036285763717
2025-05-12,9.553036285763717
2025-05-13,9.553036285763717
2025-05-14,9.553036285763717
2025-05-15,9.553036285763717
2025-05-16,8.999202866548806
2025-05-17,8.999202866548806
2025-05-18,8.999202866548806
2025-05-19,8.999202866548806
2025-05-20,8.999202866548806
2025-05-21,8.999202866548806
2025-05-22,8.999202866548806
2025-05-23,8.999202866548806
2025-05-24,8.999202866548806
2025-05-25,8.999202866548806
2025-05-26,8.999202866548806
2025-05-27,8.999202866548806
2025-05-28,8.999202866548806
2025-05-29,8.999202866548806
2025-05-30,8.999202866548806
2025-05-31,8.999202866548806
2025-06-01,8.999202866548806
2025-06-02,8.999202866548806
2025-06-03,8.999202866548806
2025-06-04,8.999202866548806
2025-06-05,8.999202866548806
2025-06-06,8.999202866548806
2025-06-07,8.999202866548806
2025-06-08,8.999202866548806
2025-06-09,8.999202866548806
2025-06-10,8.999202866548806
2025-06-11,8.999202866548806
2025-06-12,8.999202866548806
2025-06-13,8.999202866548806
2025-06-14,8.999202866548806
2025-06-15,8.999202866548806
2025-06-16,8.999202866548806
2025-06-17,8.999202866548806
2025-06-18,8.999202866548806
2025-06-19,8.999202866548806
2025-06-20,8.999202866548806
2025-06-21,8.999202866548806
2025-06-22,8.999202866548806
2025-06-23,8.999202866548806
2025-06-24,8.999202866548806
2025-06-25,8.999202866548806
2025-06-26,8.999202866548806
2025-06-27,8.448161659626807
2025-06-28,8.448161659626807
2025-06-29,8.448161659626807
2025-06-30,8.448161659626807
2025-07-01,8.448161659626807
2025-07-02,8.448161659626807
2025-07-03,8.448161659626807
2025-07-04,8.448161659626807
2025-07-05,8.448161659626807
2025-07-06,8.448161659626807
2025-07-07,8.448161659626807
2025-07-08,8.448161659626807
2025-07-09,8.448161659626807
2025-07-10,8.448161659626807
2025-07-11,8.448161659626807
2025-07-12,8.448161659626807
2025-07-13,8.448161659626807
2025-07-14,8.448161659626807
2025-07-15,8.448161659626807
2025-07-16,8.448161659626807
2025-07-17,8.448161659626807
2025-07-18,8.448161659626807
2025-07-19,8.448161659626807
2025-07-20,8.448161659626807
2025-07-21,8.448161659626807
2025-07-22,8.448161659626807
2025-07-23,8.448161659626807
2025-07-24,8.448161659626807
2025-07-25,8.448161659626807
2025-07-26,8.448161659626807
2025-07-27,8.448161659626807
2025-07-28,8.448161659626807
2025-07-29,8.448161659626807
2025-07-30,8.448161659626807
2025-07-31,8.448161659626807
2025-08-01,8.448161659626807
2025-08-02,8.448161659626807
2025-08-03,8.448161659626807
2025-08-04,8.448161659626807
2025-08-05,8.448161659626807
2025-08-06,8.448161659626807
2025-08-07,8.448161659626807
2025-08-08,8.17368374591152
2025-08-09,8.17368374591152
2025-08-10,8.17368374591152
2025-08-11,8.17368374591152
2025-08-12,8.17368374591152
2025-08-13,8.17368374591152
2025-08-14,8.17368374591152
2025-08-15,8.17368374591152
2025-08-16,8.17368374591152
2025-08-17,8.17368374591152
2025-08-18,8.17368374591152
2025-08-19,8.17368374591152
2025-08-20,8.17368374591152
2025-08-21,8.17368374591152
2025-08-22,8.17368374591152
2025-08-23,8.17368374591152
2025-08-24,8.17368374591152
2025-08-25,8.17368374591152
2025-08-26,8.17368374591152
2025-08-27,8.17368374591152
2025-08-28,8.17368374591152
2025-08-29,8.17368374591152
2025-08-30,8.17368374591152
2025-08-31,8.17368374591152
2025-09-01,8.17368374591152
2025-09-02,8.17368374591152
2025-09-03,8.17368374591152
2025-09-04,8.17368374591152
2025-09-05,8.17368374591152
2025-09-06,8.17368374591152
2025-09-07,8.17368374591152
2025-09-08,8.17368374591152
2025-09-09,8.17368374591152
2025-09-10,8.17368374591152
2025-09-11,8.17368374591152
2025-09-12,8.17368374591152
2025-09-13,8.17368374591152
2025-09-14,8.17368374591152
2025-09-15,8.17368374591152
2025-09-16,8.17368374591152
2025-09-17,8.17368374591152
2025-09-18,8.17368374591152
2025-09-19,8.17368374591152
2025-09-20,8.17368374591152
2025-09-21,8.17368374591152
2025-09-22,8.17368374591152
2025-09-23,8.17368374591152
2025-09-24,8.17368374591152
2025-09-25,8.17368374591152
2025-09-26,7.899898626239343
2025-09-27,7.899898626239343
2025-09-28,7.899898626239343
2025-09-29,7.899898626239343
2025-09-30,7.899898626239343
2025-10-01,7.899898626239343
2025-10-02,7.899898626239343
2025-10-03,7.899898626239343
2025-10-04,7.899898626239343
2025-10-05,7.899898626239343
2025-10-06,7.899898626239343
2025-10-07,7.899898626239343
2025-10-08,7.899898626239343
2025-10-09,7.899898626239343
2025-10-10,7.899898626239343
2025-10-11,7.899898626239343
2025-10-12,7.899898626239343
2025-10-13,7.899898626239343
2025-10-14,7.899898626239343
2025-10-15,7.899898626239343
2025-10-16,7.899898626239343
2025-10-17,7.899898626239343
2025-10-18,7.899898626239343
2025-10-19,7.899898626239343
2025-10-20,7.899898626239343
2025-10-21,7.899898626239343
2025-10-22,7.899898626239343
2025-10-23,7.899898626239343
2025-10-24,7.899898626239343
2025-10-25,7.899898626239343
2025-10-26,7.899898626239343
2025-10-27,7.899898626239343
2025-10-28,7.899898626239343
2025-10-29,7.899898626239343
2025-10-30,7.899898626239343
2025-10-31,7.899898626239343
2025-11-01,7.899898626239343
2025-11-02,7.899898626239343
2025-11-03,7.899898626239343
2025-11-04,7.899898626239343
2025-11-05,7.899898626239343
2025-11-06,7.899898626239343
2025-11-07,7.626804556760192
2025-11-08,7.626804556760192
2025-11-09,7.626804556760192
2025-11-10,7.626804556760192
2025-11-11,7.626804556760192
2025-11-12,7.626804556760192
2025-11-13,7.626804556760192
2025-11-14,7.626804556760192
2025-11-15,7.626804556760192
2025-11-16,7.626804556760192
2025-11-17,7.626804556760192
2025-11-18,7.626804556760192
2025-11-19,7.626804556760192
2025-11-20,7.626804556760192
2025-11-21,7.626804556760192
2025-11-22,7.626804556760192
2025-11-23,7.626804556760192
2025-11-24,7.626804556760192
2025-11-25,7.626804556760192
2025-11-26,7.626804556760192
2025-11-27,7.626804556760192
2025-11-28,7.626804556760192
2025-11-29,7.626804556760192
2025-11-30,7.626804556760192
2025-12-01,7.626804556760192
2025-12-02,7.626804556760192
2025-12-03,7.626804556760192
2025-12-04,7.626804556760192
2025-12-05,7.626804556760192
2025-12-06,7.626804556760192
2025-12-07,7.626804556760192
2025-12-08,7.626804556760192
2025-12-09,7.626804556760192
2025-12-10,7.626804556760192
2025-12-11,7.626804556760192
2025-12-12,7.626804556760192
2025-12-13,7.626804556760192
2025-12-14,7.626804556760192
2025-12-15,7.626804556760192
2025-12-16,7.626804556760192
2025-12-17,7.626804556760192
2025-12-18,7.626804556760192
2025-12-19,7.35439979799275
2025-12-20,7.35439979799275
2025-12-21,7.35439979799275
2025-12-22,7.35439979799275
2025-12-23,7.35439979799275
2025-12-24,7.35439979799275
2025-12-25,7.35439979799275
2025-12-26,7.35439979799275
2025-12-27,7.35439979799275
2025-12-28,7.35439979799275
2025-12-29,7.35439979799275
2025-12-30,7.35439979799275
2025-12-31,7.35439979799275
2026-01-01,7.35439979799275
2026-01-02,7.35439979799275
2026-01-03,7.35439979799275
2026-01-04,7.35439979799275
2026-01-05,7.35439979799275
2026-01-06,7.35439979799275
2026-01-07,7.35439979799275
2026-01-08,7.35439979799275
2026-01-09,7.35439979799275
2026-01-10,7.35439979799275
2026-01-11,7.35439979799275
2026-01-12,7.35439979799275
2026-01-13,7.35439979799275
2026-01-14,7.35439979799275
2026-01-15,7.35439979799275
2026-01-16,7.35439979799275
2026-01-17,7.35439979799275
2026-01-18,7.35439979799275
2026-01-19,7.35439979799275
2026-01-20,7.35439979799275
2026-01-21,7.35439979799275
2026-01-22,7.35439979799275
2026-01-23,7.35439979799275
2026-01-24,7.35439979799275
2026-01-25,7.35439979799275
2026-01-26,7.35439979799275
2026-01-27,7.35439979799275
2026-01-28,7.35439979799275
2026-01-29,7.35439979799275
2026-01-30,7.35439979799275
2026-01-31,7.35439979799275
2026-02-01,7.35439979799275
2026-02-02,7.35439979799275
2026-02-03,7.35439979799275
2026-02-04,7.35439979799275
2026-02-05,7.35439979799275
2026-02-06,7.35439979799275
2026-02-07,7.35439979799275
2026-02-08,7.35439979799275
2026-02-09,7.35439979799275
2026-02-10,7.35439979799275
2026-02-11,7.35439979799275
2026-02-12,7.35439979799275
2026-02-13,7.35439979799275
2026-02-14,7.35439979799275
2026-02-15,7.35439979799275
2026-02-16,7.35439979799275
2026-02-17,7.35439979799275
2026-02-18,7.35439979799275
2026-02-19,7.35439979799275
2026-02-20,7.35439979799275
2026-02-21,7.35439979799275
2026-02-22,7.35439979799275
2026-02-23,7.35439979799275
2026-02-24,7.35439979799275
2026-02-25,7.35439979799275
2026-02-26,7.35439979799275
2026-02-27,7.35439979799275
2026-02-28,7.35439979799275
2026-03-01,7.35439979799275
2026-03-02,7.35439979799275
2026-03-03,7.35439979799275
2026-03-04,7.35439979799275
2026-03-05,7.35439979799275
2026-03-06,7.35439979799275
2026-03-07,7.35439979799275
2026-03-08,7.35439979799275
2026-03-09,7.35439979799275
2026-03-10,7.35439979799275
2026-03-11,7.35439979799275
2026-03-12,7.35439979799275
2026-03-13,7.35439979799275
2026-03-14,7.35439979799275
2026-03-15,7.35439979799275
2026-03-16,7.35439979799275
2026-03-17,7.35439979799275
2026-03-18,7.35439979799275
2026-03-19,7.35439979799275
2026-03-20,7.35439979799275
2026-03-21,7.35439979799275
2026-03-22,7.35439979799275
2026-03-23,7.35439979799275
2026-03-24,7.35439979799275
2026-03-25,7.35439979799275
2026-03-26,7.35439979799275
2026-03-27,7.0826826148483235
2026-03-28,7.0826826148483235
2026-03-29,7.0826826148483235
2026-03-30,7.0826826148483235
2026-03-31,7.0826826148483235
2026-04-01,7.0826826148483235
2026-04-02,7.0826826148483235
2026-04-03,7.0826826148483235
2026-04-04,7.0826826148483235
2026-04-05,7.0826826148483235
2026-04-06,7.0826826148483235
2026-04-07,7.0826826148483235
2026-04-08,7.0826826148483235
2026-04-09,7.0826826148483235
2026-04-10,7.0826826148483235
2026-04-11,7.0826826148483235
2026-04-12,7.0826826148483235
2026-04-13,7.0826826148483235
2026-04-14,7.0826826148483235
2026-04-15,7.0826826148483235
2026-04-16,7.0826826148483235
2026-04-17,7.0826826148483235
2026-04-18,7.0826826148483235
2026-04-19,7.0826826148483235
2026-04-20,7.0826826148483235
2026-04-21,7.0826826148483235
2026-04-22,7.0826826148483235
2026-04-23,7.0826826148483235
2026-04-24,7.0826826148483235
2026-04-25,7.0826826148483235
2026-04-26,7.0826826148483235
2026-04-27,7.0826826148483235
2026-04-28,7.0826826148483235
2026-04-29,7.0826826148483235
2026-04-30,7.0826826148483235
2026-05-01,7.0826826148483235
2026-05-02,7.0826826148483235
2026-05-03,7.0826826148483235
2026-05-04,7.0826826148483235
2026-05-05,7.0826826148483235
2026-05-06,7.0826826148483235
2026-05-07,7.0826826148483235
2026-05-08,6.811651276567532
2026-05-09,6.811651276567532
2026-05-10,6.811651276567532
2026-05-11,6.811651276567532
2026-05-12,6.811651276567532
2026-05-13,6.811651276567532
2026-05-14,6.811651276567532
2026-05-15,6.811651276567532
2026-05-16,6.811651276567532
2026-05-17,6.811651276567532
2026-05-18,6.811651276567532
2026-05-19,6.811651276567532
2026-05-20,6.811651276567532
2026-05-21,6.811651276567532
2026-05-22,6.811651276567532
2026-05-23,6.811651276567532
2026-05-24,6.811651276567532
2026-05-25,6.811651276567532
2026-05-26,6.811651276567532
2026-05-27,6.811651276567532
2026-05-28,6.811651276567532
2026-05-29,6.811651276567532
2026-05-30,6.811651276567532
2026-05-31,6.811651276567532
2026-06-01,6.811651276567532
2026-06-02,6.811651276567532
2026-06-03,6.811651276567532
2026-06-04,6.811651276567532
2026-06-05,6.811651276567532
2026-06-06,6.811651276567532
2026-06-07,6.811651276567532
2026-06-08,6.811651276567532
2026-06-09,6.811651276567532
2026-06-10,6.811651276567532
2026-06-11,6.811651276567532
2026-06-12,6.811651276567532
2026-06-13,6.811651276567532
2026-06-14,6.811651276567532
2026-06-15,6.811651276567532
2026-06-16,6.811651276567532
2026-06-17,6.811651276567532
2026-06-18,6.811651276567532
2026-06-19,6.811651276567532
2026-06-20,6.811651276567532
2026-06-21,6.811651276567532
2026-06-22,6.811651276567532
2026-06-23,6.811651276567532
2026-06-24,6.811651276567532
2026-06-25,6.811651276567532
2026-06-26,6.811651276567532
2026-06-27,6.811651276567532
2026-06-28,6.811651276567532
2026-06-29,6.811651276567532
2026-06-30,6.811651276567532
2026-07-01,6.811651276567532
2026-07-02,6.811651276567532
2026-07-03,6.811651276567532
2026-07-04,6.811651276567532
2026-07-05,6.811651276567532
2026-07-06,6.811651276567532
2026-07-07,6.811651276567532
2026-07-08,6.811651276567532
2026-07-09,6.811651276567532
2026-07-10,6.811651276567532
2026-07-11,6.811651276567532
2026-07-13,6.811651276567532
2026-07-14,6.811651276567532
2026-07-15,6.811651276567532
2026-07-16,6.811651276567532
2026-07-17,6.811651276567532
2026-07-18,6.811651276567532
2026-07-19,6.811651276567532
2026-07-20,6.811651276567532
2026-07-21,6.811651276567532
2026-07-22,6.811651276567532
